行政区,电子监管号,项目名称,项目位置,面积(公顷),土地来源,土地用途,供地方式,土地使用年限,行业分类,土地级别,成交价格(万元),土地使用权人,约定容积率下限,约定容积率上限,约定交地时间,约定开工时间,约定竣工时间,实际开工时间,实际竣工时间,批准单位,合同签订日期
五华县,4414242016B01409,五华县琴江新城开发建设投资有限公司,五华县河东镇原五华县瓷厂,2.115500,2.115500,其他商服用地,拍卖出让,40,其他服务业,十二级,2449.0000,五华县琴江新城开发建设投资有限公司,1.00,5.50,2016年10月06日,2017年10月06日,2020年10月06日,,,五华县,2016年07月06日
南安市,3505832016B06045,福建特优实业有限公司厂房及配套设施项目,石井镇苏内村,0.656100,0.000000,工业用地,挂牌出让,50,砖瓦、石材及其他建筑材料制造,十级,296.0000,福建特优实业有限公司,0.90,0.00,2017年05月27日,2017年07月06日,2020年07月06日,,,南安市,2016年07月06日
顺德区,4406062016B78939,容桂-黄香女（已故）-住宅,佛山市顺德区容桂幸福居委会立新南路十八街二巷横巷3号,0.012114,0.012114,其他普通商品住房用地,协议出让,70,房地产业,三级,12.5680,黄香女（已故）,,,,,,,,佛山市顺德区,2016年07月06日
高州市,4409812016B00663,高州市石鼓供销社,高州市石仔岭红荔路,0.204740,0.204740,其他商服用地,协议出让,40,房地产业,二级,169.9800,高州市石鼓供销社,,,,,,,,高州市,2016年07月06日
嵊州市,3306832016B00678-2,嵊州市经济开发区M2016-03号出让地块(浙江博赛制冷设备有限公司),东至东六路，南至浦东大道，西至东五路，北至用地红线,4.264300,3.316700,工业用地,挂牌出让,50,通讯设备、计算机及其他电子设备制造业,十二级,1052.0000,浙江博赛制冷设备有限公司,1.10,2.50,2016年07月19日,2017年01月06日,2019年01月06日,,,嵊州市,2016年07月06日
深圳市本级,4403002016A05610,新和一路市政工程,坪山新区中心区,0.461555,0.326467,街巷用地,划拨,,国家机构,五级,,,,,2016年07月06日,2017年07月06日,2018年07月06日,,,深圳市人民政府,2016年07月06日
嵊州市,3306832016B00585-1,嵊州市经济开发区M2015-01号出让地块(浙江天方科技股份有限公司）,嵊州市经济开发区M2015-01号地块（大鞍银村丫叉坑水库以西）,1.139300,0.000000,工业用地,挂牌出让,50,农副食品加工业,十二级,548.0000,浙江天方科技股份有限公司,1.00,2.50,2016年07月11日,2017年07月11日,2019年07月11日,,,嵊州市,2016年07月06日
嵊州市,3306832016B00656-1,浙江立润纺织机械科技有限公司,嵊州市经济开发区M2015-02号地块,3.517700,3.249500,工业用地,挂牌出让,50,通用设备制造业,十二级,1042.0000,浙江立润纺织机械科技有限公司,1.00,2.50,2016年07月06日,2017年01月06日,2019年01月06日,,,嵊州市,2016年07月06日
嵊州市,3306832016B00662-1,嵊州市经济开发区M2016-05号出让地块,东南至用地红线，西至东三路，北至南一路,0.937900,0.795800,工业用地,挂牌出让,50,专用设备制造业,十二级,256.0000,浙江越昌环保设备有限公司,1.00,2.50,2016年07月06日,2017年01月06日,2019年01月06日,,,嵊州市,2016年07月06日
南雄市,4402822016B00816-1,才仁错,南雄市雄州镇光明东路206号交运楼壹栋402号,0.001522,0.001522,其他普通商品住房用地,协议出让,70,房地产业,一级,1.6499,才仁错,,,,,,,,南雄市,2016年07月06日
廉江市,4408812016B00128,广东建硕青平镇药树埇小区商住用地,廉江市青平镇药树埇小区A-02-10之一地块,0.893971,0.000000,其他普通商品住房用地,挂牌出让,其他普通商品住房用地70年; 批发零售用地40,房地产业,二级,790.0000,广东建硕发展有限公司,1.00,4.50,2017年01月02日,2018年01月01日,2020年12月31日,,,廉江市,2016年07月06日
嵊州市,3306832016B00648-1,嵊州市经济开发区M2016-01号出让地块(浙江唯真环境科技有限公司),嵊州市经济开发区M2016-01号出让地块,1.443000,1.334500,工业用地,挂牌出让,50,专用设备制造业,十二级,424.0000,浙江唯真环境科技有限公司,1.00,2.50,2016年07月15日,2017年01月06日,2019年07月06日,,,嵊州市,2016年07月06日
龙文区,3506032016B00100,漳龙2016G02,漳州蓝田经济开发区郭坑园区省道以西鼎盛路以南,9.140400,0.000000,仓储用地,挂牌出让,50,仓储业,二级,2330.9000,普洛斯（漳州）仓储设施有限公司,1.00,1.20,2016年09月13日,2017年09月13日,2019年09月13日,,,漳州市龙文区,2016年07月06日
椒江区,3310022016B00127-1,椒江区海门街道JHM110-0302（商住）出让地块 民辉村,椒江区海门街道JHM110-0302（商住）出让地块,10.918700,1.551800,中低价位、中小套型普通商品住房用地,挂牌出让,安置房等其他住房用地70年; 批发零售用地40,房地产业,七级,6343.0000,台州方远歌山房地产开发有限公司,2.14,2.14,2016年08月30日,2016年10月30日,2019年06月30日,,,台州市,2016年07月06日
南浔区,3305032016B00355,湖州南浔湖联湖笔有限责任公司,善琏镇车家兜村（善琏镇2015-9号地块）,1.706600,0.000000,工业用地,拍卖出让,40,文教体育用品制造业,七级,606.0000,湖州南浔湖联湖笔有限责任公司,1.10,1.40,2016年09月05日,2017年03月03日,2019年03月03日,,,湖州市,2016年07月06日
椒江区,3310022016B00148,椒江枫南东路北侧东港大道东侧（工业）出让地块,椒江枫南东路北侧东港大道东侧（工业）出让地块（海门街道）,4.193000,1.043800,工业用地,挂牌出让,50,化学原料及化学制品制造业,七级,2605.0000,台州市振港染料化工有限公司,0.60,,2016年09月30日,2017年06月30日,2019年06月30日,,,台州市,2016年07月06日
德清县,3305212016B00551,浙江德清水样年华文化传播有限公司,钟管镇蠡山村,0.023600,0.000000,其他商服用地,挂牌出让,40,商务服务业,三级,23.0100,浙江德清水样年华文化传播有限公司,0.60,1.30,2016年11月04日,2017年11月04日,2019年11月04日,,,德清县,2016年07月06日
德清县,3305212016B00544,浙江德清水样年华文化传播有限公司,钟管镇蠡山村,0.059200,0.000000,其他商服用地,挂牌出让,40,商务服务业,三级,55.0560,浙江德清水样年华文化传播有限公司,0.60,1.00,2016年11月04日,2017年11月04日,2019年11月04日,,,德清县,2016年07月06日
南雄市,4402822016B00774,陈朝促,雄州镇光明西路光明新村二栋903号,0.001528,0.001528,其他普通商品住房用地,协议出让,70,房地产业,一级,1.9883,陈朝促,,,,,,,,南雄市,2016年07月06日
德清县,3305212016B00529,浙江德清水样年华文化传播有限公司,钟管镇蠡山村,0.017500,0.000000,其他商服用地,挂牌出让,40,商务服务业,三级,18.0250,浙江德清水样年华文化传播有限公司,1.00,1.70,2016年11月04日,2017年11月04日,2019年11月04日,,,德清县,2016年07月06日
德清县,3305212016B00508,浙江德清水样年华文化传播有限公司,钟管镇蠡山村,0.027000,0.000000,其他商服用地,挂牌出让,40,商务服务业,三级,26.3250,浙江德清水样年华文化传播有限公司,0.80,1.30,2016年11月04日,2017年11月04日,2019年11月04日,,,德清县,2016年07月06日
梅州市本级,4414002016B00329,丘新梅置换地块,梅江区三角镇三乡村,0.313900,0.313900,其他普通商品住房用地,协议出让,其他普通商品住房用地70年; 其他商服用地40,房地产业,二级,0.0001,丘新梅,1.00,3.20,2016年07月30日,2017年07月30日,2020年07月30日,,,梅州市,2016年07月06日
南雄市,4402822016B00766,何婕,南雄市雄州镇林荫东路4号A栋704房,0.001558,0.001558,其他普通商品住房用地,协议出让,70,房地产业,二级,2.5271,何婕,,,,,,,,南雄市,2016年07月06日
德清县,3305212016B00497,浙江德清水样年华文化传播有限公司,钟管镇蠡山村,0.040000,0.000000,其他商服用地,挂牌出让,40,商务服务业,三级,38.4000,浙江德清水样年华文化传播有限公司,0.70,1.20,2016年11月04日,2017年11月04日,2019年11月04日,,,德清县,2016年07月06日
德清县,3305212016B00488,浙江德清水样年华文化传播有限公司,钟管镇蠡山村,0.030000,0.000000,其他商服用地,挂牌出让,40,商务服务业,三级,29.2500,浙江德清水样年华文化传播有限公司,0.90,1.30,2016年11月04日,2017年11月04日,2019年11月04日,,,德清县,2016年07月06日
顺德区,4406062016B78926,(陈村)住宅用途用地,陈村镇合成社区居委会永福路四巷2号,0.016596,0.016596,其他普通商品住房用地,协议出让,70,房地产业,一级,73.4340,李少珍,,,2016年07月06日,,,,,佛山市顺德区,2016年07月06日
云霄县,3506222016A00256,云霄县城区污水处理厂二期扩建工程,莆美镇佳兜村,2.402900,0.000000,公共设施用地,划拨,,公共设施管理业,十二级,152.7465,,0.03,0.03,2016年12月26日,2017年12月26日,2020年12月25日,,,云霄县人民政府,2016年07月06日
南雄市,4402822016B00758,钟玉梅,南雄市雄州镇水南路鸿运大厦C座202号,0.003600,0.003600,其他普通商品住房用地,协议出让,70,房地产业,一级,2.6036,钟玉梅,,,,,,,,南雄市,2016年07月06日
德清县,3305212016B00477,浙江德清水样年华文化传播有限公司,钟管镇蠡山村,0.153200,0.000000,其他商服用地,挂牌出让,40,商务服务业,三级,142.4760,浙江德清水样年华文化传播有限公司,0.60,1.00,2016年11月04日,2017年11月04日,2019年11月04日,,,德清县,2016年07月06日
顺德区,4406062016B78910,（均安）个人住宅用地,均安镇均安居委会均榄公路十四巷5号,0.010900,0.010900,其他普通商品住房用地,协议出让,70,房地产业,四级,6.2042,欧阳效钊,,,,,,,,顺德区,2016年07月06日
瑞安市,3303812016B09112,瑞安市东山街道中埠村返回地F地块,瑞安市东山街道中埠村返回地F地块,1.657800,1.565700,中低价位、中小套型普通商品住房用地,协议出让,70,房地产业,十级,116.9550,瑞安市东山街道中埠村经济合作社,1.00,4.70,2016年10月05日,2017年10月05日,2020年10月05日,,,瑞安市,2016年07月06日
深圳市本级,4403002016A01008,城市轨道交通11号线工程-福田站至车公庙区间风井及区间跟随所,福田区,0.048215,0.048215,铁路用地,划拨,,铁路运输业,一级,0.0000,,,,2016年07月06日,2017年07月06日,2018年07月06日,,,深圳市人民政府,2016年07月06日
兴宁市,4414812016B02468,划拨土地补办出让,兴城东城商住6号小区,0.001490,0.001490,中低价位、中小套型普通商品住房用地,协议出让,70,房地产业,四级,0.1714,陈建中,1.00,,,,,,,兴宁市,2016年07月06日
顺德区,4406062016B78903,(陈村)住宅用途用地,陈村镇赤花社区居委会吴家围东区九巷2号,0.008007,0.008007,其他普通商品住房用地,协议出让,70,房地产业,四级,24.9434,梁少华,,,2016年07月06日,,,,,佛山市顺德区,2016年07月06日
兴宁市,4414812016B02457,划拨土地补办出让,兴城佛岭花灯宿舍,0.001403,0.001403,中低价位、中小套型普通商品住房用地,协议出让,70,房地产业,四级,0.1613,刘建忠,1.00,,,,,,,兴宁市,2016年07月06日
顺德区,4406062016B78896,（均安）个人住宅用地,均安镇均安居委会北区牡丹路10号A602,0.001960,0.001960,其他普通商品住房用地,协议出让,70,房地产业,二级,0.3775,马飞,,,,,,,,顺德区,2016年07月06日
南雄市,4402822016B00743,钟亮,南雄市新城沿江西路35号601房,0.001688,0.001688,其他普通商品住房用地,协议出让,70,房地产业,一级,3.1417,钟亮,,,,,,,,南雄市,2016年07月06日
平湖市,3304822016B12786,浙江冠豪新材料有限公司,新仓镇仓庆路北侧，双红村7组,0.127730,0.000000,工业用地,挂牌出让,48,造纸及纸质品业,十二级,54.0000,浙江冠豪新材料有限公司,1.20,,2016年08月08日,2017年04月08日,2019年04月07日,,,平湖市,2016年07月06日
德清县,3305212016B00467,浙江德清水样年华文化传播有限公司,钟管镇蠡山村,0.010800,0.000000,其他商服用地,挂牌出让,40,商务服务业,三级,10.5300,浙江德清水样年华文化传播有限公司,1.00,1.30,2016年11月04日,2017年11月04日,2019年11月04日,,,德清县,2016年07月06日
江城区,4417022016A00235,江城银岭科技产业园压缩型垃圾中转站建设项目,阳江市江城银科技产业园B8-2,0.059000,0.000000,工业用地,划拨,,公共设施管理业,四级,,,0.80,,2017年01月06日,2017年07月06日,2018年01月06日,,,江城区人民政府,2016年07月06日
顺德区,4406062016B78889,(陈村)住宅用途用地,陈村镇绀现村委会二龙大堤西35号,0.015283,0.015283,其他普通商品住房用地,协议出让,70,房地产业,四级,2.1311,卢友炳,,,2016年07月06日,,,,,佛山市顺德区,2016年07月06日
德清县,3305212016B00454,浙江德清水样年华文化传播有限公司,钟管镇蠡山村,0.017000,0.000000,其他商服用地,挂牌出让,40,商务服务业,三级,16.3200,浙江德清水样年华文化传播有限公司,0.80,1.20,2016年11月04日,2017年11月04日,2019年11月04日,,,德清县,2016年07月06日
萧山区,3301812016B09268,杭州嘉融置业有限公司,萧山经济技术开发区市北东部区块,2.967200,2.967200,中低价位、中小套型普通商品住房用地,挂牌出让,70,房地产业,二级,102000.0000,杭州嘉融置业有限公司,1.00,2.50,2017年07月06日,2018年07月06日,2021年07月06日,,,杭州市萧山区,2016年07月06日
玉环县,3310212016B02775,黄国强住宅用地划拨补办出让,玉环县坎门街道兴谭西街192号,0.004446,0.004446,中低价位、中小套型普通商品住房用地,协议出让,70,房地产业,十一级,14.2414,胡银宝 吴国英,0.00,0.00,,,,,,玉环县,2016年07月06日
南雄市,4402822016B00737,刘宏兵,南雄市雄州镇林荫西路林业车队新大楼A栋504房,0.001630,0.001630,其他普通商品住房用地,协议出让,70,房地产业,一级,2.4320,刘宏兵,,,,,,,,南雄市,2016年07月06日
金华市本级,3307002016A00301,杭长客专新金华站配套基础设施项目一期工程南广场,人民西路以北、五一路以西,6.932700,6.932700,街巷用地,划拨,,公共设施管理业,九级,0.0000,,,,2016年10月06日,2017年01月06日,2019年01月06日,,,金华市人民政府,2016年07月06日
德清县,3305212016B00515-1,浙江德清水样年华文化传播有限公司,钟管镇蠡山村,0.026400,0.000000,其他商服用地,挂牌出让,40,商务服务业,三级,25.7400,浙江德清水样年华文化传播有限公司,1.00,1.30,2016年11月04日,2017年11月04日,2019年11月04日,,,德清县,2016年07月06日
德清县,3305212016B00535,浙江德清水样年华文化传播有限公司,钟管镇蠡山村,0.054000,0.000000,其他商服用地,挂牌出让,40,商务服务业,三级,50.2200,浙江德清水样年华文化传播有限公司,0.50,1.00,2016年11月04日,2017年11月04日,2019年11月04日,,,德清县,2016年07月06日
绍兴县,3306212016A02468-1,滨海工业区印染2#泵站,滨海工业区东七路以东，北八路以北,0.394200,0.000000,公共设施用地,划拨,,公共设施管理业,九级,113.5255,,0.00,0.00,2016年07月06日,2017年01月06日,2018年01月05日,,,柯桥区人民政府,2016年07月06日
绍兴县,3306212016A02450-1,滨海工业区印染1#泵站,滨海工业区东七路以东，北十路以南,0.345400,0.000000,公共设施用地,划拨,,公共设施管理业,九级,99.4727,,0.00,0.00,2016年07月06日,2017年01月06日,2018年01月05日,,,柯桥区人民政府,2016年07月06日
三水区,4406072016B00271,补办出让,佛山市三水区乐平镇南边新城路三街6号,0.009600,0.009600,其他普通商品住房用地,协议出让,其他普通商品住房用地70年; 其他商服用地40,房地产业,七级,6.9760,胡惠萍、刘英全,,,,,,,,佛山市,2016年07月06日
桐乡市,3304832016B00755-1,桐乡乌镇小城故事景区投资发展有限公司,桐乡市乌镇镇子夜路南侧、工贸路东侧,7.608393,0.304147,批发零售用地,挂牌出让,40,零售业,二级,8700.0000,桐乡乌镇小城故事景区投资发展有限公司,0.70,0.80,2016年09月09日,2017年09月09日,2020年09月09日,,,桐乡市,2016年07月06日
晋江市,3505822016B01388,晋江市宏盛达机器制造有限公司厂房及配套设施,晋江市安海镇梧山村,0.424600,0.000000,工业用地,挂牌出让,50,专用设备制造业,八级,192.0000,晋江市宏盛达机器制造有限公司,1.00,1.50,2016年07月30日,2017年07月30日,2019年07月30日,,,晋江市,2016年07月06日
晋江市,3505822016B01377,晋江市宏盛达机器制造有限公司厂房及配套设施,晋江市安海镇梧山村,0.378000,0.000000,工业用地,挂牌出让,50,专用设备制造业,八级,168.0000,晋江市宏盛达机器制造有限公司,1.00,1.50,2016年07月30日,2017年07月30日,2019年07月30日,,,晋江市,2016年07月06日
萧山区,3301812016B09250,杭州致淼投资有限公司,市北西单元兴议区块,2.689300,1.265700,中低价位、中小套型普通商品住房用地,挂牌出让,70,房地产业,二级,109900.0000,杭州致淼投资有限公司,1.00,2.70,2017年07月06日,2018年07月06日,2021年07月06日,,,杭州市萧山区,2016年07月06日
顺德区,4406062016B78877,容桂-潘婉文-住宅,佛山市顺德区容桂街道红旗居委会梯云路高辉巷横六巷1号,0.015098,0.015098,其他普通商品住房用地,协议出让,70,房地产业,三级,2.7768,潘婉文,,,,,,,,佛山市顺德区,2016年07月06日
晋江市,3505822016B01367,晋江市坤辉家具制造有限公司厂房及配套设施,紫帽镇洋店村浯垵村,0.676200,0.000000,工业用地,挂牌出让,50,家具制造业,八级,243.0000,晋江市坤辉家具制造有限公司,1.50,2.20,2016年07月30日,2017年07月30日,2019年07月30日,,,晋江市,2016年07月06日
顺德区,4406062016B78863,容桂-梁永明-住宅,佛山市顺德区容桂容山社区居委会凤安街2号,0.014089,0.014089,其他普通商品住房用地,协议出让,70,房地产业,一级,6.5734,梁永明,,,,,,,,佛山市顺德区,2016年07月06日
梅州市本级,4414002016B00318,梅州市稻丰实业有限公司竞得地块,梅江区西阳镇龙坑村,3.642500,0.000000,工业用地,拍卖出让,50,农副食品加工业,五级,1741.0000,梅州市稻丰实业有限公司,1.20,,2016年09月06日,2017年07月06日,2020年07月06日,,,梅州市,2016年07月06日
惠州市本级,4413002016B12330,惠州市水口中心区02-06地块,惠州市水口中心区02-06,7.235970,5.199380,中低价位、中小套型普通商品住房用地,挂牌出让,70,房地产业,三级,41880.0000,惠州市隆生房地产有限公司,1.00,2.50,2017年04月06日,2017年09月30日,2020年10月06日,,,惠州市,2016年07月06日
清新县,4418272016B00756,广东电网有限责任公司清远供电局,清远市清新区太平镇龙湾工业园,0.624671,0.000000,公共设施用地,挂牌出让,50,其它,十一级,107.0000,广东电网有限责任公司清远供电局,,0.30,2016年08月27日,2017年08月27日,2019年08月27日,,,清新区,2016年07月06日
开化县,3308242016B00560,开化县岙滩四号地块国有建设用地使用权公开出让方案,开化县岙滩四号地块,6.503000,3.772600,中低价位、中小套型普通商品住房用地,拍卖出让,70,房地产业,十四等级,53500.0000,上海高创置业有限公司,1.00,2.00,2016年09月06日,2017年01月06日,2019年01月06日,,,开化县,2016年07月06日
高州市,4409812016B00697,黄锦兰,高州市石鼓镇石鼓圩农民二街36号之一,0.002500,0.002500,其他普通商品住房用地,协议出让,70,房地产业,三级,1.7060,黄锦兰,,,,,,,,高州市,2016年07月06日
清新县,4418272016B00762,广东先导稀材股份有限公司,清远市清新区禾云镇佛山禅城（清新）产业转移工业园,1.032526,0.000000,工业用地,挂牌出让,50,其它,十一级,197.0000,广东先导稀材股份有限公司,0.60,2.00,2016年08月29日,2017年08月29日,2020年08月29日,,,清新区,2016年07月06日
开化县,3308242016B00551,开化县大溪边墩南小区7号地块国有建设用地使用权公开出让方案,开化县大溪边墩南小区7号地块,0.011250,0.010800,中低价位、中小套型普通商品住房用地,拍卖出让,70,房地产业,十四等级,19.3000,余冬民,1.00,3.00,2016年09月06日,2017年01月06日,2019年01月06日,,,开化县,2016年07月06日
柘荣县,3509262016A00065,柘荣县双城幼儿园操场及附属设施项目,上城社区东峰村,0.581200,0.000000,科教用地,划拨,,教育业,五级,0.0000,,1.10,1.10,2016年09月05日,2017年09月04日,2018年02月03日,,,柘荣县人民政府,2016年07月06日
梅州市本级,4414002016A00334,梅州蕉华污水处理厂一期项目,蕉华管理区,1.393000,1.393000,公共设施用地,划拨,,环境管理业,未评估地区,254.2085,,,0.15,2016年08月07日,2017年08月07日,2020年08月07日,,,梅州市国土资源局,2016年07月06日
五华县,4414242016B01382,朱文锋,水寨镇华侨直街下岗坝侨兴苑4栋402房,0.022690,0.001200,中低价位、中小套型普通商品住房用地,协议出让,70,房地产业,十二级,2.1475,朱文锋,,,2016年07月06日,,,,,五华县,2016年07月06日
清新县,4418272016B00726,广东中骏上原汽车零部件有限公司,清远市清新区太平镇龙湾工业园A13之一,0.999957,0.000000,工业用地,挂牌出让,50,金属制品业,十一级,175.0000,广东中骏上原汽车零部件有限公司,0.80,1.50,2016年08月23日,2017年08月23日,2020年08月23日,,,清新区,2016年07月06日
金湾区,4404042016B00529,珠海市金湾产业投资有限公司,金湾区三灶镇机场西路东侧、机场高速西侧、金海岸大道北侧,16.758372,16.758372,工业用地,挂牌出让,30,医药制造业,四级,5010.7532,珠海市金航产业投资有限公司,1.00,1.50,2017年01月06日,2018年01月06日,2020年01月06日,,,珠海市,2016年07月06日
高州市,4409812016B00683,陈艳,高州市石鼓镇石鼓圩农民二街36号之一,0.002500,0.002500,其他普通商品住房用地,协议出让,70,房地产业,三级,1.7060,陈艳,,,,,,,,高州市,2016年07月06日
龙门县,4413242016B00425,廖柏湖,龙城街道龙江街27号,0.007900,0.007900,其他普通商品住房用地,协议出让,70,房地产业,十一级,5.1240,廖柏湖,,,2016年08月06日,,,,,龙门县,2016年07月06日
顺德区,4406062016B78995,乐从仓储用地项目,佛山市顺德区乐从钢铁世界B9地块,15.553119,3.195451,仓储用地,挂牌出让,50,金属制品业,三级,37015.0000,佛山市金汇海房地产开发有限公司,0.80,3.50,2016年09月03日,2017年09月02日,2019年09月02日,,,顺德区,2016年07月06日
高州市,4409812016B00672,冯作湖,高州市石鼓镇石鼓圩公园路23号,0.005900,0.005900,其他普通商品住房用地,协议出让,其他商服用地40年; 其他普通商品住房用地70,房地产业,四级,4.9560,冯作湖,,,,,,,,高州市,2016年07月06日
平湖市,3304822016B12775,福尔波西格林输送科技（中国）有限公司,平湖市经济技术开发区新兴二路东侧、新凯路北侧,5.999980,0.000000,工业用地,挂牌出让,50,专用设备制造业,十二级,2250.0000,福尔波西格林输送科技（中国）有限公司,0.81,,2016年08月08日,2017年06月08日,2019年12月07日,,,平湖市,2016年07月06日
梅州市本级,4414002016B00348,梅州市梅江区良园农资服务有限公司竞得地块,梅江区金山办东街茶一队,0.651900,0.000000,其他普通商品住房用地,拍卖出让,其他普通商品住房用地70年; 其他商服用地40,房地产业,四级,1875.0000,梅州市梅江区良园农资服务有限公司,1.00,3.50,2017年07月06日,2017年07月06日,2020年07月06日,,,梅州市,2016年07月06日
顺德区,4406062016B78855,陈铨海,大良街道  北区社区居委会  细桥头巷5号三楼,0.002688,0.002688,其他普通商品住房用地,协议出让,70,房地产业,二级,0.6981,陈铨海,1.00,,,,,,,佛山市,2016年07月06日
泰顺县,3303292016B00159,彭溪镇M2-YH02-17地块,泰顺县彭溪镇水尾村,1.573300,0.000000,工业用地,协议出让,40.8,金属制品业,十四等级,301.4937,温州市特广铸造有限公司（原为中宸不锈钢制造有限公司）,0.80,1.80,2017年01月06日,2017年07月06日,2020年07月06日,,,泰顺县,2016年07月06日
慈溪市,3302822016B16006,慈溪长三角市场群投资有限公司(市场园区5#地块),胜山镇,22.313300,22.313300,批发零售用地,挂牌出让,40,批发业,五级,36036.0000,慈溪长三角市场群投资有限公司,1.00,1.68,2016年08月05日,2017年08月05日,2020年08月05日,,,慈溪市,2016年07月06日
顺德区,4406062016B78846,程灿刚,大良街道  升平社区居委会  红英西路六街四座704号,0.001125,0.001125,其他普通商品住房用地,协议出让,70,房地产业,二级,0.3690,程灿刚,1.00,,,,,,,佛山市,2016年07月06日
顺德区,4406062016B78838,黄领好,大良街道  金榜社区居委会  西苑新村十五座302号,0.001569,0.001569,其他普通商品住房用地,协议出让,70,房地产业,二级,0.4929,黄领好,1.00,,,,,,,佛山市,2016年07月06日
顺德区,4406062016B78822,黎结珊,大良街道  府又社区居委会  大围六街40巷5号,0.007986,0.007986,其他普通商品住房用地,协议出让,70,房地产业,一级,3.9630,黎结珊,1.00,,,,,,,佛山市,2016年07月06日
宁德市本级,3509002016A00247,东侨工业集中区工业路北段延伸道路工程（团圆路至中科路）建设用地,南起团圆路、北至中科路,1.944220,0.000000,街巷用地,划拨,,道路运输业,十一级,,,,,2016年08月06日,2017年07月06日,2018年07月06日,,,宁德市人民政府,2016年07月06日
嵊州市,3306832016B00576,嵊州市正科服饰领带有限公司嵊州市B2015-10号出让地块转变用地性质,东南路868号,0.078750,0.078750,其他商服用地,协议出让,40,商务服务业,十二级,353.2550,嵊州市正科服饰领带有限公司,1.50,4.32,2016年07月07日,2017年07月05日,2018年07月05日,,,嵊州市,2016年07月06日
顺德区,4406062016B78819,麦福照,大良街道  府又社区居委会  东明路42号前座302,0.001024,0.001024,其他普通商品住房用地,协议出让,70,房地产业,二级,0.3909,麦福照,1.00,,,,,,,佛山市,2016年07月06日
云霄县,3506222016A00247,漳州沿海公路通道云霄段二期工程,列屿镇青径村、城外村、城内村、山前村；陈岱镇中江村、双岭村、下曾村、岱东村、岱南村、坑内村；东厦镇长洋村,51.042600,0.000000,公路用地,划拨,,公共设施管理业,十二级,2809.8786,,0.00,1.00,2016年12月26日,2017年12月26日,2020年12月25日,,,云霄县人民政府,2016年07月06日
五华县,4414242016B01362,五华县琴江新城开发建设投资有限公司,水寨镇狮山公园侧,0.512933,0.512933,其他商服用地,拍卖出让,40,其他服务业,十二级,4735.0000,五华县琴江新城开发建设投资有限公司,1.00,5.60,2016年10月06日,2017年10月06日,2020年10月06日,,,五华县,2016年07月06日
绍兴县,3306212016B02438,滨海（2016）19号,柯桥区马鞍镇兴滨路75号,2.333300,2.310500,工业用地,挂牌出让,50,棉、化纤纺织及印染精加工,九级,985.0000,浙江创宇印染有限公司,1.50,1.50,2016年08月05日,2016年12月27日,2018年12月27日,,,绍兴市柯桥区,2016年07月06日
乐昌市,4402812016B00297,邵文阳原国有划拨土地使用权补办出让手续,乐昌市乐城街道河南街121号,0.007390,0.007390,中低价位、中小套型普通商品住房用地,协议出让,70,房地产业,二级,1.7234,邵文阳,,,,,,,,乐昌市,2016年07月06日
鄞州区,3302122016A11780,鄞州区洞桥镇李家集中居住1号地块二期新村建设,宁波市鄞州区洞桥镇李家村,1.007700,0.000000,经济适用住房用地,划拨,,国家机构,八级,799.6607,,1.65,1.65,2016年11月02日,2017年11月01日,2019年10月31日,,,宁波市人民政府,2016年07月06日
武平县,3508242016B00195,武平县十方镇三坊村工业用地,武平县十方镇三坊村,4.520600,0.000000,仓储用地,挂牌出让,50,仓储业,一级,272.0000,福建武平县十方省级粮食储备库有限公司,0.80,1.20,2016年12月26日,2017年12月25日,2020年12月24日,,,武平县,2016年07月06日
绍兴县,3306212016B02427,滨海（2016）18号,柯桥区马鞍镇兴滨路75号,3.668880,3.656900,工业用地,挂牌出让,50,棉、化纤纺织及印染精加工,九级,1550.0000,浙江创宇印染有限公司,1.50,1.50,2016年08月05日,2016年12月27日,2018年12月27日,,,绍兴市柯桥区,2016年07月06日
五华县,4414242016B01379,五华县琴江新城开发建设投资有限公司,五华县岐岭镇原双头中学,1.896868,1.896868,其他商服用地,拍卖出让,40,其他服务业,十二级,3003.0000,五华县琴江新城开发建设投资有限公司,1.00,5.50,2016年10月06日,2017年10月06日,2020年10月06日,,,五华县,2016年07月06日
利津县,3705222016B00146,利津县盐窝镇物流建设项目,荣乌高速至县城220连接线以西，荣乌高速路以南,2.115831,0.000000,仓储用地,挂牌出让,50,装卸搬运和其他运输服务业,未评估地区,296.0000,山东宝通建设工程有限责任公司,1.00,,2016年08月04日,2017年02月06日,2018年08月05日,,,利津县,2016年07月06日
永泰县,3501252016B00040,界竹口玉锡池头库区政府储备用地,赤锡乡赤锡村,0.675200,0.000000,其他普通商品住房用地,拍卖出让,70,房地产业,未评估地区,570.0000,程新元,1.00,1.20,2016年10月21日,2017年04月21日,2018年10月21日,,,,2016年07月06日
南海区,4406052016B00834,工业用地,佛山市南海区九江镇沙头工业园英明村忠义社地段,0.079120,0.079120,工业用地,协议出让,37,房地产业,三级,60.0521,周礼成,,,2016年07月06日,,,,,佛山市,2016年07月06日
慈溪市,3302822016B15993,慈溪市横河白彭加油站(慈城区Ⅰ201510#地块),白沙路街道,0.241000,0.000000,批发零售用地,挂牌出让,40,批发业,三级,690.0000,慈溪市横河白彭加油站,0.10,0.50,2016年08月05日,2017年08月05日,2019年08月05日,,,慈溪市,2016年07月06日
绍兴县,3306212016A02447-1,110kv湖西（岭江）输变电工程项目,钱清镇江南村地块,0.316000,0.316000,公共设施用地,划拨,,公共设施管理业,九级,109.0199,,0.45,0.80,2016年07月06日,2017年01月06日,2019年01月05日,,,柯桥区人民政府,2016年07月06日
秀洲区,3304112016A00385-1,嘉兴现代物流园物流仓储区基础设施工程（纬十路）,王店镇纬十路（吉蚂西路-军民路）,1.085200,0.000000,街巷用地,划拨,,道路运输业,三级,520.8960,,,,2016年07月07日,,,,,嘉兴市人民政府,2016年07月06日
秀洲区,3304112016A00373-1,王店镇嘉兴现代物流园希望道路桥梁工程,王店镇希望路（吉祥东路-长秦路南侧）,1.381200,0.000000,街巷用地,划拨,,道路运输业,三级,662.9760,,,,2016年07月06日,,,,,嘉兴市人民政府,2016年07月06日
秀洲区,3304112016A00361-1,嘉兴现代物流园物流仓储区基础设施工程（长水塘路）,王店镇长水塘路（河流—吉祥东路）,0.452000,0.452000,街巷用地,划拨,,道路运输业,三级,216.9600,,,,2016年07月06日,,,,,嘉兴市人民政府,2016年07月06日
武夷山市,3507822016A00176,武夷山市文化体育展览中心（四中心一广场）,"武夷山市百花路以西,今日家园以南,第三中学以北",5.770000,5.770000,文体娱乐用地,划拨,,体育,三级,,,0.80,0.80,2016年07月06日,2017年07月06日,2018年07月06日,,,武夷山市人民政府,2016年07月06日
莆田市本级,3503002016B00145,徐开敏,莆田市笏石镇坝津村下店新街,0.010800,0.010800,其他普通商品住房用地,协议出让,70,房地产业,一级,41.1440,陈国贤,0.00,0.00,,,,,,,2016年07月06日
漳平市,3508812016B00229-1,漳平市菁城街道殡葬建设项目,漳平市菁城街道顶郊经济联合社和桂林街道上桂经济联合社,9.478000,0.000000,殡葬用地,挂牌出让,50,其他服务业,十二级,1631.0000,漳平市菁福陵园有限公司,0.05,0.06,2017年03月06日,2017年05月06日,2020年05月06日,,,漳平市,2016年07月06日
石河子市,6590012016A00308,石河子质量技术监督局综合实验楼项目,石河子镇努尔巴克村,1.559900,0.000000,机关团体用地,划拨,,中国共产党机关,九级,31.1980,,0.81,,2016年08月10日,2016年08月22日,2018年08月21日,,,石河子市人民政府,2016年07月06日
大悟县,4209222016B00325,大悟县瑾裕房地产开发有限责任公司,大悟县宣化店镇北正街北侧,0.458400,0.000000,其他普通商品住房用地,拍卖出让,70,房地产业,二级,171.0000,大悟县瑾裕房地产开发有限责任公司,1.00,1.80,2016年11月24日,2017年02月02日,2019年02月02日,,,大悟县,2016年07月06日
海城市,2103812016B00279,房地产开发,海城市析木镇,4.570900,0.000000,中低价位、中小套型普通商品住房用地,挂牌出让,70,房地产业,五级,3154.0000,海城市金宇房地产开发有限公司,1.60,2.00,2016年09月06日,2016年10月06日,2019年10月05日,,,海城市,2016年07月06日
成都市本级,5101002016B00772,成华区圣灯街道办事处东华社区1组、人民塘社区2组,成华区圣灯街道办事处东华社区1组、人民塘社区2组,5.593499,0.000000,其他商服用地,拍卖出让,40,房地产业,六级,44750.9020,四川中腾建筑工程有限公司,1.00,4.50,2016年08月12日,2017年07月12日,2020年03月12日,,,成都市,2016年07月06日
海淀区,1101082016A00258,北京市地铁六号线海淀五路居站（1号出入口、1号风亭和8号出入口）,北京市海淀区地铁六号线五路居站（1号出入口、1号风亭和8号出入口）,0.104464,0.104464,街巷用地,划拨,,城市公共交通业,三级,,,1.00,1.00,2016年07月06日,2017年07月06日,2019年07月05日,,,海淀区人民政府,2016年07月06日
环翠区,3710022016B00319,威海鼎利碳纤维制品有限公司工业（专用设备制造业）,环翠区张村镇港华燃气北,1.531800,1.531800,工业用地,挂牌出让,50,专用设备制造业,三级,512.3900,威海鼎利碳纤维制品有限公司,1.00,,2016年07月20日,2017年07月20日,2019年07月20日,,,威海市,2016年07月06日
晴隆县,5223242016B00125,晴隆县永盛液化气站扩建,晴隆县光照镇哈马村,0.211800,0.000000,工业用地,挂牌出让,50,燃气生产和供应业,十五等级,26.4200,王德桃,0.00,1.00,2016年07月08日,2016年08月31日,2017年08月31日,,,晴隆县,2016年07月06日
丰润区,1302082016B00106,陈树增,丰润区唐丰路东侧，浭阳办事处城内二居,0.005855,0.005855,其他商服用地,协议出让,40,商务服务业,二级,3.6594,陈树增,,2.31,2016年07月06日,,,,,唐山市丰润区,2016年07月06日
江北区,3302052016A00246,宁波北门户商务区一期中心绿地,洪塘街道,3.697400,3.697400,公园与绿地,划拨,,商务服务业,五级,,,,,2016年07月06日,2017年07月05日,2019年07月05日,,,宁波市人民政府,2016年07月06日
齐河县,3714252016A00306,济南-青岛输气管道二线工程,省道101南、姜屯村以东,1.504700,0.000000,管道运输用地,划拨,,燃气生产和供应业,一级,0.0000,,15.36,15.36,2016年07月06日,2016年09月06日,2019年09月06日,,,齐河县人民政府,2016年07月06日
花溪区,5201112016B00319,贵安新区马场镇MM-20-04-2地块建设项目,贵安新区马场镇,2.969062,0.000000,批发零售用地,挂牌出让,40,零售业,四级,1160.9032,贵州贵安电子信息产业投资有限公司,0.00,1.00,2017年01月06日,2017年02月06日,2019年02月06日,,,贵安新区管委会,2016年07月06日
岳麓区,4301042016B00636,妙盛汽车,高新区,5.878260,2.577504,工业用地,挂牌出让,50,专用设备制造业,六级,2409.0000,湖南妙盛汽车电源有限公司,1.00,2.00,2016年09月16日,2016年10月06日,2018年03月16日,,,长沙市,2016年07月06日
花溪区,5201112016B00321,贵安新区马场镇MN-27-01地块建设项目,贵安新区马场镇,2.899665,0.000000,批发零售用地,挂牌出让,批发零售用地40年; 中低价位、中小套型普通商品住房用地70年; 其他普通商品住房用地70年;,商务服务业,二级,3033.0496,贵州贵安电子信息产业投资有限公司,0.00,2.00,2017年01月06日,2017年02月06日,2019年02月06日,,,贵安新区管委会,2016年07月06日
息烽县,5201222016B00125,年产贰万吨聚羧酸缓高效减水剂厂项目,息烽县永靖镇硬寨村,0.612000,0.612000,工业用地,挂牌出让,50,非金属矿物制品业,三级,113.3000,贵州黔桥鑫烁特材科技有限责任公司,0.70,1.00,2017年01月05日,2018年01月05日,2021年01月05日,,,息烽县,2016年07月06日
平塘县,5227272016B00235,城填居民住宅用地,平塘县平湖镇新平路,0.032852,0.032852,其他普通商品住房用地,协议出让,70,房地产业,未评估地区,15.5627,孟小林,,,2016年08月04日,,,,,平塘县,2016年07月06日
北辰区,1201132016A00288,吉美（唯可得）界外地,北辰区,0.063380,0.000000,公路用地,划拨,,国家机构,一级,,,,,,,,,,天津市国土资源和房屋管理局北辰区国土资源分局,2016年07月06日
唐山市本级,1302002016B01560,唐山高新区2016-01号地块,庆丰道南侧、规划道路8西侧,1.417088,1.417088,工业用地,挂牌出让,50,研究与试验发展,三级,960.7857,唐山金海德工控设备有限公司,1.00,1.50,2016年07月15日,2017年07月05日,2019年07月04日,,,唐山,2016年07月06日
大悟县,4209222016B00335,金色南山,大悟县城关镇泉水路以西,0.107119,0.052019,其他普通商品住房用地,拍卖出让,70,房地产业,三级,103.0000,大悟县海源房地产开发有限责任公司,1.00,1.80,2016年11月24日,2017年01月06日,2019年01月06日,,,大悟县,2016年07月06日
柳州市本级,4502002016A02743,“祥鹅佳苑”项目（一期）,柳州市西鹅路南段东侧,13.450433,0.000000,经济适用住房用地,划拨,,公共设施管理业,五级,6166.7321,,1.50,2.50,2016年11月30日,2017年08月01日,2020年08月01日,,,柳州市人民政府,2016年07月06日
汉川市,4209842016B00755,湖北贝源食品有限公司,汉川市经济开发区徐家口村,3.004800,0.000000,工业用地,拍卖出让,50,食品制造业,四级,536.0000,湖北贝源食品有限公司,1.00,,2016年08月06日,2016年10月19日,2018年10月19日,,,汉川市,2016年07月06日
息烽县,5201222016B00137,加油加气站建设项目,息烽县永靖镇马当田村红旗村,0.376258,0.000000,批发零售用地,挂牌出让,40,商务服务业,三级,682.0000,息烽瑞达汽车运输有限公司,1.00,1.00,2017年01月05日,2018年01月05日,2021年01月05日,,,息烽县,2016年07月06日
北辰区,1201132016A00278,双街冷库界外地,北辰区,0.239590,0.000000,公路用地,划拨,,国家机构,一级,,,,,,,,,,天津市国土资源和房屋管理局北辰区国土资源分局,2016年07月06日
同仁县,6323212016B00129,黄南嘎呐果哈艺术发展有限公司,年都乎乡郭么日村,0.443700,0.000000,其他商服用地,挂牌出让,40,文化艺术业,未评估地区,203.2100,黄南嘎呐果哈艺术发展有限公司,,2.80,2016年07月12日,2016年07月12日,2017年11月12日,,,同仁县,2016年07月06日
济源市,4108812016B00156,王屋山庄园2015-28,王屋镇迎门村第一居民组界北，穴沟口南，坡根地西，愚公林场坡界东,0.670600,0.000000,风景名胜设施用地,挂牌出让,40,公共设施管理业,十一级,191.1210,济源市旅游集团有限公司,,1.20,2016年07月06日,2016年08月06日,2019年08月06日,,,济源市,2016年07月06日
顺义区,1101132016A00067,顺义区中医医院迁建工程,顺义区新城第13街区北部（马坡镇）,5.947168,0.000000,医卫慈善用地,划拨,,卫生,七级,,,,1.34,2016年07月06日,2017年07月06日,2020年07月06日,,,北京市顺义区人民政府,2016年07月06日
铁岭市本级,2112002016B00056,铁岭市经济开发区职工医院以南地块,铁岭市经济开发区职工医院以南,0.868400,0.868400,中低价位、中小套型普通商品住房用地,挂牌出让,中低价位、中小套型普通商品住房用地70年; 批发零售用地40年;,房地产业,四级,1749.8260,铁岭杨氏集团房地产开发有限公司,1.60,1.60,2017年01月01日,2017年06月30日,2020年06月20日,,,铁岭市,2016年07月06日
阜南县,3412252016B00299,棚户区改造项目建设,薛集路南侧、地城南路东侧、环城路北侧,1.327870,1.327870,其他普通商品住房用地,挂牌出让,其他普通商品住房用地70年; 其他商服用地40年;,房地产业,二级,4023.8400,黑龙江宇辉房地产开发有限责任公司,1.20,3.00,2016年08月05日,2016年11月04日,2018年05月03日,,,阜南县,2016年07月06日
嘉祥县,3708292016B00345,邮电大楼西建设项目,迎风路以东、呈祥大道以北,0.345800,0.000000,其他商服用地,挂牌出让,40,房地产业,一级,1770.0000,嘉祥大力置业有限公司,1.50,1.85,2016年07月06日,2016年11月26日,2019年11月25日,,,嘉祥县,2016年07月06日
511903000,5119032016B00176,商业,登科街道办事处麻石村（A04-02）,6.506430,1.135981,其他商服用地,拍卖出让,40,房地产业,一级,9552.0000,巴中金汇发展有限责任公司,,2.50,2017年01月06日,2018年01月05日,2021年01月04日,,,巴中市恩阳区,2016年07月06日
菏泽市本级,3717002016B00287,菏泽民生热力有限公司,菏泽高新区吕陵镇，东邻王楼行政村耕地，南邻王楼行政村耕地，西邻王楼行政村耕地，北邻王楼行政村耕地、王楼行政村林地、王楼行政村建设用地。,9.002600,0.000000,工业用地,挂牌出让,50,其它,五级,2360.0000,菏泽民生热力有限公司,1.00,,2016年08月06日,2016年09月06日,2019年09月05日,,,菏泽市,2016年07月06日
漯河市本级,4111002016B00785,陈祥洲,郾城区海河路军分区家属楼3#楼303室,0.002940,0.002940,其他普通商品住房用地,协议出让,70,群众团体、社会团体和宗教组织,一级,0.2499,陈祥洲,,,,,,,,漯河市,2016年07月06日
白河县,6109292016A00475,阳光小区二期廉租房,城关镇向荣村一组,0.070500,0.000000,廉租住房用地,划拨,,房地产业,十五等级,3.6623,,3.00,4.00,2016年07月20日,2016年07月20日,2017年07月19日,,,白河县人民政府,2016年07月06日
吉木萨尔县,6523272016B00286,新建年产30万吨立方米加气块生产线及配套辅助设施项目,准东五彩湾生产服务区,0.374900,0.000000,工业用地,挂牌出让,50,其它,未评估地区,9.4475,吉木萨尔县五彩湾沙源新型建材有限公司,0.70,0.90,2016年07月10日,2016年08月01日,2017年08月01日,,,新疆准东经济技术开发区管理委员会,2016年07月06日
耒阳市,4304812016B00169,黄忠平宗地,耒阳市金杯路5号（铁五局院内）,0.000962,0.000809,其他普通商品住房用地,协议出让,70,房地产业,二级,0.8495,黄忠平,,,,,,,,耒阳市,2016年07月06日
新乡市本级,4107002016B00868,公有住房、经济适用房上市交易,太行46号楼1单元1层4#,0.040600,0.001148,其他普通商品住房用地,协议出让,70,房地产业,二级,0.1102,王庭丽,,,2016年07月06日,,,,,新乡市,2016年07月06日
花溪区,5201112016B00367,贵安新区湖潮乡ZJ-10-06地块建设项目,贵安新区湖潮乡,4.867677,0.000000,中低价位、中小套型普通商品住房用地,挂牌出让,中低价位、中小套型普通商品住房用地70年; 其他普通商品住房用地70年; 批发零售用地40年;,房地产业,二级,8333.4630,贵州贵安置业投资有限公司,1.00,2.00,2017年01月06日,2017年02月06日,2019年02月06日,,,贵安新区管委会,2016年07月06日
科尔沁右翼前旗,1522212016A00266,队伍营防、物资储备库,科右前旗满族屯乡三岔嘎查,0.064500,0.064500,公共设施用地,划拨,,公共设施管理业,未评估地区,0.0000,,1.24,0.00,2016年07月06日,2016年07月06日,2017年07月06日,,,科右前旗人民政府,2016年07月06日
海淀区,1101082016A00258,北京市地铁六号线海淀五路居站（1号出入口、1号风亭和8号出入口）,北京市海淀区地铁六号线五路居站（1号出入口、1号风亭和8号出入口）,0.104464,0.104464,街巷用地,划拨,,城市公共交通业,三级,,,1.00,1.00,2016年07月06日,2017年07月06日,2019年07月05日,,,海淀区人民政府,2016年07月06日
资兴市,4310812016B01490,住宅,新区文峰路粮站院内,0.024290,0.002132,其他普通商品住房用地,协议出让,65,住宿业,三级,0.3064,唐世民、叶青云,,,2016年07月06日,,,,,资兴市,2016年07月06日
随县,4213212016B00441,随州市均鑫工贸有限公司,均川镇幸福居委会,0.648600,0.000000,工业用地,挂牌出让,50,农副食品加工业,二级,119.3600,随州市均鑫工贸有限公司,1.00,,2016年07月07日,2017年07月05日,2018年07月05日,,,随县,2016年07月06日
叶县,4104222016B00121,中国平煤神马集团尼龙科技有限公司年产20万吨己内酰胺项目,平顶山化工产业集聚区竹园二路西侧,12.113082,0.000000,工业用地,挂牌出让,50,化学原料及化学制品制造业,四级,3089.0000,中国平煤神马集团尼龙科技有限公司,1.20,,2016年07月15日,2017年07月15日,2018年07月15日,,,叶县,2016年07月06日
丰都县,5002302016A00197,名城大道道路工程,丰都县名山组团东部,1.069200,1.069200,公路用地,划拨,,道路运输业,十四等级,,,1.00,1.00,2016年07月20日,2016年10月13日,2017年06月13日,,,丰都县人民政府,2016年07月06日
宾阳县,4501262016B01172,住宅项目,宾阳县宾州镇中和街232号,0.008508,0.008508,中低价位、中小套型普通商品住房用地,协议出让,70,居民服务业,一级,8.3549,谭翠英,,6.00,2016年07月06日,,,,,宾阳县,2016年07月06日
亳州市本级,3416002016A00839,药王路西侧绿化地块,药王路西侧，亳芜大道以北,4.198780,0.000000,公园与绿地,划拨,,中国共产党机关,四级,0.0000,,,,,,,,,亳州市人民政府,2016年07月06日
兴山县,4205262016A01185,光荣院取暖房,古夫镇龙珠社区清源街,0.133800,0.133800,医卫慈善用地,划拨,,社会保障业,十四等级,0.0000,,1.00,0.00,2016年08月31日,2016年10月31日,2018年10月31日,,,兴山县人民政府,2016年07月06日
亳州市本级,3416002016A00828,牡丹路（王夹道至建安路段）,王夹道至建安路段,8.343590,0.481170,街巷用地,划拨,,中国共产党机关,三级,0.0000,,,,,,,,,亳州市人民政府,2016年07月06日
齐河县,3714252016A00317,济南-青岛输气管道二线工程,省道101南、姜屯村以东,0.096100,0.000000,管道运输用地,划拨,,燃气生产和供应业,一级,0.0000,,0.00,0.00,2016年07月06日,2016年09月06日,2019年09月06日,,,齐河县人民政府,2016年07月06日
海淀区,1101082016A00163,北京市地铁六号线海淀五路居站（2号无障碍电梯口）,北京市海淀区地铁六号线五路居站（2号无障碍电梯口）,0.009103,0.009103,街巷用地,划拨,,城市公共交通业,三级,,,1.00,1.00,2016年07月06日,2017年07月06日,2019年07月05日,,,海淀区人民政府,2016年07月06日
南丰县,3610232016A00094,南丰县桔都小学校区建设,南丰县桔苑北路与琴台路交汇处,0.793400,0.000000,科教用地,划拨,,教育业,二级,0.0000,,0.50,0.80,2016年07月07日,2016年08月07日,2018年08月07日,,,南丰县人民政府,2016年07月06日
蒲城县,6105262016B00146,陕西伟天置业有限公司蒲城鼎力分公司,蒲城县城区尧山路西段,0.285333,0.285333,其他普通商品住房用地,拍卖出让,70,房地产业,二级,378.0000,陕西伟天置业有限公司蒲城鼎力分公司,2.00,3.50,2016年07月08日,2016年08月31日,2018年08月31日,,,蒲城县,2016年07月06日
和平区,1201012016B01831,刘玥利、刘恩森,南开区迎水道171号,0.018480,0.018480,其他商服用地,协议出让,40,商务服务业,六级,17.4636,刘玥利、刘恩森,0.00,0.00,,,,,,天津市国土资源和房屋管理局,2016年07月06日
花溪区,5201112016B00298,贵安新区马场镇MM-20-04-1地块建设项目,贵安新区马场镇,10.825081,0.000000,中低价位、中小套型普通商品住房用地,挂牌出让,70,房地产业,三级,6689.9001,贵州贵安电子信息产业投资有限公司,1.00,2.00,2017年01月06日,2017年02月06日,2019年02月06日,,,贵安新区管委会,2016年07月06日
益阳市本级,4309002016B29075,李卓奇国有划拨用地使用权出让,赫山区七里桥,0.001504,0.001504,中低价位、中小套型普通商品住房用地,协议出让,70,房地产业,二级,0.1196,李卓奇,,,2016年07月06日,,,,,益阳市,2016年07月06日
和平区,1201012016B01930,张宝臣,红桥区天鸿大厦B座1层004,0.000510,0.000510,其他商服用地,协议出让,40,商务服务业,三级,5.8827,张宝臣,0.00,0.00,,,,,,天津市人民政府授权的天津市国土资源和房屋管理局,2016年07月06日
朝阳市本级,2113002016B00107,房地产,双塔区千山街东侧（原福利厂院内）,0.813600,0.813600,其他普通商品住房用地,挂牌出让,其他商服用地40年; 其他普通商品住房用地70年;,房地产业,八级,1400.0000,朝阳圣麒房地产开发有限公司,1.00,1.50,2017年05月01日,2017年05月01日,2019年05月01日,,,朝阳市,2016年07月06日
白河县,6109292016A00520,康银小区一期廉租房,麻虎镇康银村六组,0.053650,0.000000,廉租住房用地,划拨,,房地产业,十五等级,2.7870,,2.00,3.00,2016年07月20日,2016年07月20日,2017年07月19日,,,白河县人民政府,2016年07月06日
白河县,6109292016A00495,广兴金座三期公租房,城关镇公路村八组,0.033200,0.000000,廉租住房用地,划拨,,房地产业,十五等级,1.7247,,3.00,4.00,2016年07月20日,2016年07月20日,2017年07月19日,,,白河县人民政府,2016年07月06日
大悟县,4209222016B00325,大悟县瑾裕房地产开发有限责任公司,大悟县宣化店镇北正街北侧,0.458400,0.000000,其他普通商品住房用地,拍卖出让,70,房地产业,二级,171.0000,大悟县瑾裕房地产开发有限责任公司,1.00,1.80,2016年11月24日,2017年02月02日,2019年02月02日,,,大悟县,2016年07月06日
北海市本级,4505002016B00588,2016GC03003号地块,北海市铁山港工业区营闸路以北、经九路以西,0.333749,0.000000,其他普通商品住房用地,挂牌出让,70,批发业,三级,201.0000,中国石化销售有限公司华南分公司,1.00,2.00,2016年08月01日,2017年08月01日,2018年08月01日,,,北海市,2016年07月06日
晋宁县,5301222016B00207,工业用地    云南滇莅汽车科技有限公司,晋宁工园区晋城基地,3.039284,0.000000,工业用地,挂牌出让,50,金属制品业,二级,825.1790,云南滇莅汽车科技有限公司,1.00,1.50,2016年09月01日,2017年03月01日,2020年03月01日,,,昆明市,2016年07月06日
花溪区,5201112016B00240,贵安新区湖磊路交兴科北路东南路MM-16-01地块建设项目,贵安新区湖潮乡和马场镇,14.541186,0.000000,工业用地,挂牌出让,50,通用设备制造业,二级,3155.0000,贵州贵安产业投资有限公司,0.80,0.00,2017年01月06日,2017年02月06日,2019年02月06日,,,贵安新区管委会,2016年07月06日
北辰区,1201132016A00254,克恩里伯斯界外地,北辰区,1.497850,0.000000,公路用地,划拨,,国家机构,一级,,,,,,,,,,天津市国土资源和房屋管理局北辰区国土资源分局,2016年07月06日
和平区,1201012016B02267,天津市东方中滨投资有限公司,南开区红旗路与天拖北道交口西南侧赛德广场5-1-901--908,0.022340,0.022340,其他商服用地,协议出让,40,房地产业,六级,201.3348,天津市东方中滨投资有限公司,0.00,0.00,,,,,,天津市人民政府授权的天津市国土资源和房屋管理局,2016年07月06日
来宾市本级,4513002016B00520,迁江供电所,来宾市迁江工业园322国道西侧,0.274675,0.000000,公共设施用地,挂牌出让,50,燃气生产和供应业,未评估地区,70.0400,兴宾供电公司,,1.50,2016年08月24日,2017年08月24日,2019年08月24日,,,来宾市,2016年07月06日
花溪区,5201112016B00269,贵安新区高峰镇ML-01-01地块建设项目,贵安新区高峰镇,13.724431,0.000000,中低价位、中小套型普通商品住房用地,挂牌出让,中低价位、中小套型普通商品住房用地70年; 其他普通商品住房用地70年; 批发零售用地40年;,房地产业,三级,5813.6690,贵州贵安置业投资有限公司,1.00,1.20,2017年01月06日,2017年02月06日,2019年02月06日,,,贵安新区管委会,2016年07月06日
叶县,4104222016B00121,中国平煤神马集团尼龙科技有限公司年产20万吨己内酰胺项目,平顶山化工产业集聚区竹园二路西侧,12.113082,0.000000,工业用地,挂牌出让,50,化学原料及化学制品制造业,四级,3089.0000,中国平煤神马集团尼龙科技有限公司,1.20,,2016年07月15日,2017年07月15日,2018年07月15日,,,叶县,2016年07月06日
丰都县,5002302016A00197,名城大道道路工程,丰都县名山组团东部,1.069200,1.069200,公路用地,划拨,,道路运输业,十四等级,,,1.00,1.00,2016年07月20日,2016年10月13日,2017年06月13日,,,丰都县人民政府,2016年07月06日
宾阳县,4501262016B01172,住宅项目,宾阳县宾州镇中和街232号,0.008508,0.008508,中低价位、中小套型普通商品住房用地,协议出让,70,居民服务业,一级,8.3549,谭翠英,,6.00,2016年07月06日,,,,,宾阳县,2016年07月06日
亳州市本级,3416002016A00839,药王路西侧绿化地块,药王路西侧，亳芜大道以北,4.198780,0.000000,公园与绿地,划拨,,中国共产党机关,四级,0.0000,,,,,,,,,亳州市人民政府,2016年07月06日
萍乡市本级,3603002016A00122,萍乡市公安局直属分局业务技术用房,经济开发区宝鼎路旁,0.600000,0.000000,机关团体用地,划拨,,居民服务业,一级,0.0000,,1.00,2.00,2016年07月13日,2017年01月13日,2019年01月13日,,,萍乡市人民政府,2016年07月06日
九三分局,2391072016A00090,九三热力有限公司扩建煤场、灰场,九三管理局局直大西江路南侧、原锅炉房东北侧,0.606800,0.000000,公共设施用地,划拨,,公共设施管理业,二级,0.0000,,0.00,0.00,2016年07月15日,2017年07月05日,2018年10月30日,,,黑龙江省农垦总局,2016年07月06日
临沂市本级,3713002016B01202,兰山区清河北路与沂州路交汇处西北,兰山区清河北路与沂州路交汇处西北,5.453700,0.000000,中低价位、中小套型普通商品住房用地,挂牌出让,中低价位、中小套型普通商品住房用地70年; 批发零售用地40年;,房地产业,三级,12271.0000,山东鲁班建设集团房地产开发公司,1.00,3.40,2016年07月06日,2017年07月06日,2019年07月05日,,,临沂市,2016年07月06日
海淀区,1101082016A00175,北京市地铁六号线海淀五路居站（3号风亭、2号安全出口、4号安全疏散口）,北京市海淀区地铁六号线五路居站（3号风亭、2号安全出口、4号安全疏散口）,0.062119,0.062119,街巷用地,划拨,,城市公共交通业,三级,,,1.00,1.00,2016年07月06日,2017年07月06日,2019年07月05日,,,海淀区人民政府,2016年07月06日
滨州市本级,3716002016B00439,机电小区,黄河三路以南、渤海九路以东,0.153600,0.153600,中低价位、中小套型普通商品住房用地,挂牌出让,70,房地产业,一级,427.0000,滨州市盛泰置业有限责任公司,1.00,1.70,2016年09月06日,2016年12月05日,2018年12月04日,,,滨州市,2016年07月06日
花溪区,5201112016B00336,贵安新区马场镇MN-26-01地块建设项目,贵安新区马场镇,5.831619,0.000000,批发零售用地,挂牌出让,40,商务服务业,二级,7741.4742,贵州贵安电子信息产业投资有限公司,0.00,2.50,2017年01月06日,2017年02月06日,2019年02月06日,,,贵安新区管委会,2016年07月06日
同仁县,6323212016B00202,扎西加,年都乎乡年都乎村,0.582600,0.000000,其他商服用地,挂牌出让,40,零售业,一级,267.9960,扎西加,,3.50,2016年07月12日,2016年07月12日,2017年11月12日,,,同仁县,2016年07月06日
嘉峪关市本级,6202002016B00198,“温泉小镇”文化产业项目,悬壁长城东侧,5.348910,0.000000,其他商服用地,挂牌出让,40,商务服务业,四级,369.0748,嘉峪关三禾源文化旅游开发有限公司,,0.40,2016年07月06日,2017年07月06日,2019年07月06日,,,嘉峪关市,2016年07月06日
沧州市本级,1309002016B00990,化学品仓储物流中心项目,沧州临港经济技术开发区东区，东至国有空地，西至通六路，南至化工二路，北至国有空地,7.266673,7.266673,仓储用地,挂牌出让,50,仓储业,十一级,1053.0000,沧州百年仓国际物流有限公司,0.00,1.20,2017年07月01日,2018年07月01日,2020年06月30日,,,沧州渤海新区管理委员会,2016年07月06日
松滋市,4210872016B01706,刘仁贵,新江口镇乐乡大道6巷18号3幢102室,0.003356,0.003356,中低价位、中小套型普通商品住房用地,协议出让,30,建筑业,二级,2.3725,刘仁贵,0.00,0.00,2016年07月25日,,,,,松滋市,2016年07月06日
新化县,4313222016B00137,新协出[2016]03号,上梅镇立新桥街,0.009840,0.009840,其他普通商品住房用地,协议出让,40,房地产业,二级,14.0000,姜志祥等7人,,,2016年07月06日,,,,,新化县,2016年07月06日
同仁县,6323212016B00185,黄南州金色热贡工艺苑,隆务镇吾屯上庄村,0.326900,0.000000,其他商服用地,挂牌出让,40,文化艺术业,未评估地区,111.4700,黄南州金色热贡工艺苑,,2.80,2016年07月12日,2016年07月12日,2017年11月12日,,,同仁县,2016年07月06日
西安市本级,6101002016B01820,商业,莲湖区西桃园村,0.155500,0.155500,其他商服用地,挂牌出让,40,房地产业,三级,4240.0000,陕西长九实业有限公司,,1.27,2016年07月28日,2017年05月28日,2020年05月28日,,,西安市,2016年07月06日
环翠区,3710022016B00319,威海鼎利碳纤维制品有限公司工业（专用设备制造业）,环翠区张村镇港华燃气北,1.531800,1.531800,工业用地,挂牌出让,50,专用设备制造业,三级,512.3900,威海鼎利碳纤维制品有限公司,1.00,,2016年07月20日,2017年07月20日,2019年07月20日,,,威海市,2016年07月06日
晴隆县,5223242016B00125,晴隆县永盛液化气站扩建,晴隆县光照镇哈马村,0.211800,0.000000,工业用地,挂牌出让,50,燃气生产和供应业,十五等级,26.4200,王德桃,0.00,1.00,2016年07月08日,2016年08月31日,2017年08月31日,,,晴隆县,2016年07月06日
丰润区,1302082016B00106,陈树增,丰润区唐丰路东侧，浭阳办事处城内二居,0.005855,0.005855,其他商服用地,协议出让,40,商务服务业,二级,3.6594,陈树增,,2.31,2016年07月06日,,,,,唐山市丰润区,2016年07月06日
桃源县,4307252016B02056,黄光明续期出让,牛车河乡柿子坪村,0.012800,0.012800,其他商服用地,协议出让,25,住宿业,一级,2.9175,黄光明,2.40,2.40,,,,,,桃源县,2016年07月06日
兴城市,2114812016A00226,关于向兴城市污水管理处划拨国有土地使用权的批复,兴城市钓鱼台街道红石村,6.970400,0.000000,公共设施用地,划拨,,公共设施管理业,十一级,0.0000,,0.08,0.08,2016年07月08日,2017年07月08日,2020年07月08日,,,兴城市人民政府,2016年07月06日
南宁市本级,4501002016A27210,南宁五象新区核心区7号路工程（平乐大道-核心区4号路）（即秋月路）,良庆区,0.137518,0.000000,街巷用地,划拨,,房地产业,六级,0.0000,,0.00,0.00,2016年07月10日,2017年07月10日,2020年07月10日,,,南宁市人民政府,2016年07月06日
息烽县,5201222016B00125,年产贰万吨聚羧酸缓高效减水剂厂项目,息烽县永靖镇硬寨村,0.612000,0.612000,工业用地,挂牌出让,50,非金属矿物制品业,三级,113.3000,贵州黔桥鑫烁特材科技有限责任公司,0.70,1.00,2017年01月05日,2018年01月05日,2021年01月05日,,,息烽县,2016年07月06日
平塘县,5227272016B00235,城填居民住宅用地,平塘县平湖镇新平路,0.032852,0.032852,其他普通商品住房用地,协议出让,70,房地产业,未评估地区,15.5627,孟小林,,,2016年08月04日,,,,,平塘县,2016年07月06日
湘西土家族苗族自治州本级,4331002016B00127,湘西自治州吉凤建设发展有限公司,湘西经济开发区武陵大道与学院路交汇处,0.460800,0.000000,其他商服用地,挂牌出让,40,房屋和土木工程业,三级,670.0000,湘西自治州吉凤建设发展有限公司,,1.00,2016年09月13日,2016年09月13日,2019年09月13日,,,湘西自治州,2016年07月06日
天祝藏族自治县,6206232016A00522,天祝县天堂镇公共租赁住房建设,天祝县天堂镇业土村,5.972700,0.000000,公共租赁住房用地,划拨,,国家机构,未评估地区,0.0000,,1.00,,2017年04月03日,2017年04月05日,2018年12月03日,,,天祝县人民政府,2016年07月06日
沾化县,3716242016A00663,新建教学楼及操场项目,沾化区黄升镇驻地,1.263400,1.263400,科教用地,划拨,,教育业,三级,0.0000,,,0.39,2016年07月06日,2016年09月01日,2017年09月01日,,,滨州市沾化区人民政府,2016年07月06日
萝北县,2304212016B00545,商服,凤翔镇七委（水利局3号楼1层5室）,0.002064,0.002064,住宿餐饮用地,协议出让,26.05,租赁业,一级,1.3481,张春梅,4.48,4.48,2016年07月28日,,,,,萝北县,2016年07月06日
花溪区,5201112016B00348,贵安新区马场镇MM-20-04-4地块建设项目,贵安新区马场镇,6.907148,0.000000,仓储用地,挂牌出让,50,仓储业,三级,1525.0000,贵州贵安电子信息产业投资有限公司,0.00,1.50,2017年01月06日,2017年02月06日,2019年02月06日,,,贵安新区管委会,2016年07月06日
平南县,4508212016B00076,平南县2016年第8期（PN2016-008）国有建设用地使用权出让（广西平南县金大鹿房产开发有限公司）,平南县平南镇秀水岭四队地段,0.360382,0.360382,中低价位、中小套型普通商品住房用地,挂牌出让,70,房地产业,十四等级,616.0000,广西平南县金大鹿房产开发有限公司,2.50,4.50,2016年09月06日,2017年09月05日,2020年09月05日,,,平南县,2016年07月06日
腾冲县,5305222016B00497,寸时景城镇单一住宅用地,腾越镇秀峰社区泰安小区,0.020280,0.020280,其他普通商品住房用地,协议出让,70,房地产业,一级,53.0590,寸时景,1.00,1.20,2016年07月06日,,,,,腾冲市,2016年07月06日
亳州市本级,3416002016A00777,亳州芜湖现代产业园管理委员会,张良路以东，月季路以北,1.710920,0.000000,街巷用地,划拨,,中国共产党机关,四级,0.0000,,,,,,,,,亳州市人民政府,2016年07月06日
腾冲县,5305222016B00512,丁学唐城镇单一住宅用地,腾越镇秀峰社区泰安小区,0.039080,0.039080,其他普通商品住房用地,协议出让,70,房地产业,一级,125.0560,丁学唐,1.00,1.20,2016年07月06日,,,,,腾冲市,2016年07月06日
海淀区,1101082016A00150,北京市地铁六号线海淀五路居站（3号安全出口和风机房）,北京市海淀区地铁六号线五路居站（3号安全出口和风机房）,0.013560,0.013560,街巷用地,划拨,,城市公共交通业,三级,,,1.00,1.00,2016年07月06日,2017年07月06日,2019年07月05日,,,海淀区人民政府,2016年07月06日
滨州市本级,3716002016B00439,机电小区,黄河三路以南、渤海九路以东,0.153600,0.153600,中低价位、中小套型普通商品住房用地,挂牌出让,70,房地产业,一级,427.0000,滨州市盛泰置业有限责任公司,1.00,1.70,2016年09月06日,2016年12月05日,2018年12月04日,,,滨州市,2016年07月06日
花溪区,5201112016B00336,贵安新区马场镇MN-26-01地块建设项目,贵安新区马场镇,5.831619,0.000000,批发零售用地,挂牌出让,40,商务服务业,二级,7741.4742,贵州贵安电子信息产业投资有限公司,0.00,2.50,2017年01月06日,2017年02月06日,2019年02月06日,,,贵安新区管委会,2016年07月06日
抚宁县,1303232016B00230,FN-2016-009,抚宁区坟坨管区马家峪村，抚昌黄公路西侧,0.047101,0.000000,商务金融用地,挂牌出让,40,银行业,一级,26.0000,抚宁县农村信用联社股份有限公司,,0.50,2016年08月06日,2017年08月06日,2020年08月05日,,,秦皇岛市抚宁区,2016年07月06日
和平区,1201012016B01855,荣蓉,南开区长江道凯立天香家园C20-6,0.001040,0.001040,其他商服用地,协议出让,40,商务服务业,四级,1.6692,荣蓉,0.00,0.00,,,,,,天津市国土资源和房屋管理局,2016年07月06日
益阳市本级,4309002016B29061,邓正东国有划拨用地使用权出让,赫山区秀峰东路82号，43-404,0.000929,0.000929,中低价位、中小套型普通商品住房用地,协议出让,70,房地产业,二级,0.0739,邓正东,,,2016年07月06日,,,,,益阳市,2016年07月06日
中牟县,4101222016B01840,中牟金地石化有限公司,中牟汽车产业集聚区万三公路东、万洪路南辅道南,0.694500,0.694500,批发零售用地,协议出让,40,批发和零售业,十二级,868.1250,中牟金地石化有限公司,,0.50,2016年10月06日,2017年09月05日,2020年09月04日,,,中牟县,2016年07月06日
合浦县,4505212016B02525,城镇住宅用地,廉州镇环城中心校北侧50号,0.005096,0.005096,其他普通商品住房用地,协议出让,70,房地产业,二级,0.7644,李起忠,,,,,,,,合浦县,2016年07月06日
耒阳市,4304812016B00175,湖南省煤业集团白沙实业有限责任公司宗地,耒阳市灶市办事处白沙路1号,5.585550,0.019940,其他普通商品住房用地,协议出让,其他商服用地40年; 其他普通商品住房用地70年;,其他服务业,三级,25.6828,湖南省煤业集团白沙实业有限责任公司,,,,,,,,耒阳市,2016年07月06日
永顺县,4331272016A00656,谢生勇,灵溪镇玉屏社区,0.007336,0.007336,经济适用住房用地,划拨,,房地产业,二级,,,1.01,5.00,,,,,,永顺县人民政府,2016年07月06日
北辰区,1201132016A00238,华益界外地,北辰区,0.399590,0.000000,公路用地,划拨,,国家机构,一级,,,,,,,,,,天津市国土资源和房屋管理局北辰区国土资源分局,2016年07月06日
海淀区,1101082016A00107,北京市地铁六号线海淀五路居站（8号安全疏散口）,北京市海淀区地铁六号线五路居站（8号安全疏散口）,0.011008,0.011008,街巷用地,划拨,,城市公共交通业,三级,,,1.00,1.00,2016年07月06日,2017年07月06日,2019年07月05日,,,海淀区人民政府,2016年07月06日
阜南县,3412252016B00280,棚户区改造项目建设,鹿城镇三强村、仕林学校北侧,2.133170,0.000000,其他普通商品住房用地,挂牌出让,其他普通商品住房用地70年; 其他商服用地40年;,房地产业,四级,6464.0000,黑龙江宇辉房地产开发有限责任公司,1.20,2.30,2016年08月05日,2016年11月04日,2018年05月03日,,,阜南县,2016年07月06日
新乡市本级,4107002016B00868,公有住房、经济适用房上市交易,太行46号楼1单元1层4#,0.040600,0.001148,其他普通商品住房用地,协议出让,70,房地产业,二级,0.1102,王庭丽,,,2016年07月06日,,,,,新乡市,2016年07月06日
唐县,1306272016B00297,河北欣平房地产开发有限公司,唐县房庄村西侧、,0.558400,0.000000,其他普通商品住房用地,挂牌出让,70,房地产业,一级,602.0000,河北欣平房地产开发有限公司,1.20,3.50,2016年07月06日,2017年07月01日,2020年07月01日,,,唐县,2016年07月06日
陵县,3714212016B00650,德州保瑞置业有限公司,东内环路以东、笃马河以西、中兴路以南、进修小学以北,3.271300,0.000000,其他普通商品住房用地,挂牌出让,70,房地产业,三级,3423.0000,德州保瑞置业有限公司,1.00,2.20,2017年05月08日,2017年09月12日,2020年09月12日,,,德州市陵城区,2016年07月06日
鄄城县,3717262016B00544,盛泰纺织,颖水街南、潍坊路西,1.055900,0.000000,工业用地,挂牌出让,50,皮革、毛皮、羽毛（绒）及其制造业,二级,215.0000,鄄城盛泰纺织有限公司,1.00,,2016年07月15日,2016年08月01日,2017年08月01日,,,鄄城县,2016年07月06日
天祝藏族自治县,6206232016A00519,天祝县炭山岭镇集中供热换热站项目,炭山岭镇炭山岭村,0.184500,0.000000,公共设施用地,划拨,,国家机构,未评估地区,0.0000,,1.00,,2017年04月03日,2017年04月05日,2018年12月03日,,,天祝县人民政府,2016年07月06日
亳州市本级,3416002016A00680,漳河绿化地块4,漳河西侧、纬三路以北段,2.287680,0.000000,公园与绿地,划拨,,中国共产党机关,四级,0.0000,,,,,,,,,亳州市人民政府,2016年07月06日
西宁市本级,6301002016B00288,西宁电子加速器综合产业基地项目,生物园区,2.336260,0.000000,工业用地,协议出让,50,农副食品加工业,六级,350.4000,青海蓝孚电子加速器辐照有限公司,1.50,,2016年07月20日,2016年08月30日,2019年08月30日,,,青海省人民政府,2016年07月06日
武穴市,4211822016A00155,武穴市师范附属小学江林分校扩建工程,武穴市21号路南、18号路西、江林分校北,1.200538,0.000000,科教用地,划拨,,教育业,四级,253.9128,,1.00,1.00,2016年07月01日,2017年01月01日,2019年01月01日,,,武穴市人民政府,2016年07月06日
萝北县,2304212016B00568,商服,肇兴镇龙江村,0.012117,0.012117,批发零售用地,协议出让,10,租赁业,三级,1.2433,刘艳强,1.00,1.00,2016年07月29日,,,,,萝北县,2016年07月06日
和平区,1201012016B01867,朱浩鹏、朱丽娜,南开区芥园西道252号,0.001480,0.001480,其他商服用地,协议出让,40,商务服务业,八级,0.9546,朱浩鹏、朱丽娜,0.00,0.00,,,,,,天津市国土资源和房屋管理局,2016年07月06日
晋宁县,5301222016B00213,工业用地  云南博曦环保设备有限公司,晋宁工业园区晋城基地,1.666783,0.000000,工业用地,挂牌出让,50,金属制品业,二级,452.5000,云南博曦环保设备有限公司,1.00,1.50,2016年09月01日,2017年03月01日,2020年03月01日,,,昆明市,2016年07月06日
合浦县,4505212016B02495,城镇住宅用地,合浦县白沙镇大马路68号（原白沙圩镇大马路）,0.018531,0.018531,其他普通商品住房用地,协议出让,70,房地产业,二级,2.5017,廖伟富,,,,,,,,合浦县,2016年07月06日
凤阳县,3411262016A00517,凤翔大道道路建设,浙商工业园,1.577800,0.000000,公路用地,划拨,,道路运输业,三级,0.0000,,,1.00,2016年07月06日,2016年10月06日,2017年10月05日,,,凤阳县人民政府,2016年07月06日
益阳市本级,4309002016B29025,刘剑章国有划拨用地使用权出让,朝阳区朝阳办事处金山社区,0.002184,0.002184,中低价位、中小套型普通商品住房用地,协议出让,70,房地产业,二级,0.1736,刘剑章,,,2016年07月06日,,,,,益阳市,2016年07月06日
亳州市本级,3416002016B00641,亳州市金恒汽车销售有限公司,百合路以北、亳阜路东侧、张良路西侧、漳河以南,1.200000,0.000000,其他商服用地,挂牌出让,40,零售业,五级,1100.0000,亳州市金恒汽车销售有限公司,,1.20,2016年09月12日,2016年11月22日,2017年09月22日,,,亳州市,2016年07月06日
海淀区,1101082016A00117,北京市地铁六号线海淀五路居站（2号出入口、6号出入口、7号出入口、1号安全出口、6/7号安全疏散口和风机房）,北京市海淀区地铁六号线五路居站（2号出入口、6号出入口、7号出入口、1号安全出口、6/7号安全疏散口和风机房）,0.156593,0.156593,街巷用地,划拨,,城市公共交通业,三级,,,1.00,1.00,2016年07月06日,2017年07月06日,2019年07月05日,,,海淀区人民政府,2016年07月06日
桃源县,4307252016B02039,余惠敏续期出让,盘塘镇盘龙桥居委会,0.011020,0.011020,其他商服用地,协议出让,25,住宿业,二级,3.2225,余惠敏,2.00,2.00,,,,,,桃源县,2016年07月06日
亳州市本级,3416002016A00514,牡丹路南侧，龙凤新河西侧地块,牡丹路以南、亳芍路以北、龙凤新河以西,4.572800,0.000000,公园与绿地,划拨,,中国共产党机关,三级,0.0000,,,,,,,,,亳州市人民政府,2016年07月06日
彝良县,5306282016A00126,彝良县龙海幼儿园,彝良县龙海镇龙海村民委员会海坝村民小组,0.554400,0.554400,科教用地,划拨,,教育业,二级,,,0.50,1.00,2016年07月12日,2016年07月15日,2018年07月16日,,,昭通市国土资源局,2016年07月06日
桓台县,3703212016B00171,100万立方米保税罐区及配套,桓台县湖南路以西、山东海润环保科技有限公司以北,1.644968,0.000000,工业用地,挂牌出让,50,石油加工、炼焦及核燃料加工业,三级,637.0000,山东汇丰石化集团有限公司,0.60,,2016年07月06日,2017年07月06日,2019年07月06日,,,桓台县,2016年07月06日
户县,6101252016A00293,西安天汇置业有限公司项目,"沣京路以南,天慧国际东",0.471170,0.018804,廉租住房用地,划拨,,房地产业,一级,,,1.20,7.30,2016年08月06日,2017年08月06日,2020年08月06日,,,户县人民政府,2016年07月06日
丰润区,1302082016B00092,丁国光,丰润区唐丰路东侧，浭阳办事处城内二居,0.011715,0.011715,其他商服用地,协议出让,40,商务服务业,二级,7.3570,丁国光,,3.79,2016年07月06日,,,,,唐山市丰润区,2016年07月06日
成都市本级,5101002016B00772,成华区圣灯街道办事处东华社区1组、人民塘社区2组,成华区圣灯街道办事处东华社区1组、人民塘社区2组,5.593499,0.000000,其他商服用地,拍卖出让,40,房地产业,六级,44750.9020,四川中腾建筑工程有限公司,1.00,4.50,2016年08月12日,2017年07月12日,2020年03月12日,,,成都市,2016年07月06日
亳州市本级,3416002016A00765,魏武大道（养生大道至亳菊路段）,养生大道以北，亳菊路以南,3.096720,0.000000,街巷用地,划拨,,中国共产党机关,三级,0.0000,,,,,,,,,亳州市人民政府,2016年07月06日
恩施市,4228012016B02713,黄雪成,恩施市小渡船街道办事处航空路96号,0.001728,0.001728,其他普通商品住房用地,协议出让,70,房地产业,十二级,1.3823,黄雪成,,2.00,,,,,,恩施市人民政府,2016年07月06日
益阳市本级,4309002016B29048,赖硕华国有划拨用地使用权出让,全丰小区罗溪社区居委,0.002244,0.002244,中低价位、中小套型普通商品住房用地,协议出让,70,房地产业,二级,0.7136,赖硕华,,,2016年07月06日,,,,,益阳市,2016年07月06日
成都市本级,5101002016B00805,金牛区天回镇街道木龙湾社区9、10组,金牛区天回镇街道木龙湾社区9、10组,4.987137,0.000000,其他普通商品住房用地,拍卖出让,70,房地产业,六级,20793.2200,华润置地（成都）有限公司,1.00,2.85,2016年08月12日,2017年08月12日,2019年09月12日,,,成都市,2016年07月06日
益阳市本级,4309002016B29080,李伟国有划拨用地使用权出让,长春路以北、幸福路以南,0.001789,0.001789,中低价位、中小套型普通商品住房用地,协议出让,70,房地产业,一级,0.7814,李伟,,,2016年07月06日,,,,,益阳市,2016年07月06日
凤阳县,3411262016A00525,纬二路道路建设,凤阳硅工业园,1.150000,0.000000,公路用地,划拨,,道路运输业,三级,0.0000,,,1.00,2016年07月06日,2016年11月07日,2017年11月06日,,,凤阳县人民政府,2016年07月06日
海淀区,1101082016A00219,北京市地铁六号线工程花园桥站（2号无障碍电梯口）,北京市海淀区地铁六号线一期工程花园桥站（2号无障碍电梯口）,0.010275,0.010275,街巷用地,划拨,,城市公共交通业,三级,,,1.00,1.00,2016年07月06日,2017年07月06日,2019年07月05日,,,海淀区人民政府,2016年07月06日
阜新市本级,2109002016B00259,阜新德尔汽车部件股份有限公司,开发区盛达路北、开发大街西,7.109000,0.098100,工业用地,挂牌出让,50,通用设备制造业,三级,2225.8300,阜新德尔汽车部件股份有限公司,0.80,0.00,2016年07月06日,2016年08月01日,2018年06月01日,,,阜新市,2016年07月06日
临朐县,3707242016B00601,电网经营，电力购销,九山镇区，泰薛路交向阳路西北侧，地块北侧为岸头村村民委员会土地，地块西侧为政府储备土地,0.324700,0.000000,其他商服用地,挂牌出让,40,电力、热力的生产和供应业,四级,170.4675,国网山东省电力公司临朐县供电公司,0.20,,2016年08月06日,2016年09月06日,2019年09月06日,,,临朐县,2016年07月06日
勉县,6107252016B00298,中国石油天然气股份有限公司陕西汉中销售分公司,勉县定军山镇金寨堡社区3组（定军山大道以西、定军中路以北十字路口）,0.070350,0.000000,批发零售用地,挂牌出让,40,燃气生产和供应业,十四等级,63.6000,中国石油天然气股份有限公司陕西汉中销售分公司,,0.50,2016年08月31日,2017年08月26日,2018年12月01日,,,勉县,2016年07月06日
岐山县,6103232016B00182,加气站,凤鸣镇太子村,0.216400,0.000000,批发零售用地,挂牌出让,40,批发和零售业,四级,120.2000,宝鸡市五岳能源有限公司,,3.50,2016年07月13日,2016年08月25日,2016年12月08日,,,岐山县,2016年07月06日
亳州市本级,3416002016A00718,漳河绿化地块1,漳河西侧、绕城快速以北段,1.373450,0.000000,公园与绿地,划拨,,中国共产党机关,四级,0.0000,,,,,,,,,亳州市人民政府,2016年07月06日
户县,6101252016B00258,西安西郡置业有限公司项目,东城路与吕公路十字西北角,1.419470,0.000000,商务金融用地,挂牌出让,40,商务服务业,未评估地区,2493.0000,西安西郡置业有限公司,1.20,2.30,2016年08月06日,2017年08月06日,2020年08月06日,,,户县,2016年07月06日
海淀区,1101082016A00258,北京市地铁六号线海淀五路居站（1号出入口、1号风亭和8号出入口）,北京市海淀区地铁六号线五路居站（1号出入口、1号风亭和8号出入口）,0.104464,0.104464,街巷用地,划拨,,城市公共交通业,三级,,,1.00,1.00,2016年07月06日,2017年07月06日,2019年07月05日,,,海淀区人民政府,2016年07月06日
嘉祥县,3708292016B00345,邮电大楼西建设项目,迎风路以东、呈祥大道以北,0.345800,0.000000,其他商服用地,挂牌出让,40,房地产业,一级,1770.0000,嘉祥大力置业有限公司,1.50,1.85,2016年07月06日,2016年11月26日,2019年11月25日,,,嘉祥县,2016年07月06日
511903000,5119032016B00176,商业,登科街道办事处麻石村（A04-02）,6.506430,1.135981,其他商服用地,拍卖出让,40,房地产业,一级,9552.0000,巴中金汇发展有限责任公司,,2.50,2017年01月06日,2018年01月05日,2021年01月04日,,,巴中市恩阳区,2016年07月06日
菏泽市本级,3717002016B00287,菏泽民生热力有限公司,菏泽高新区吕陵镇，东邻王楼行政村耕地，南邻王楼行政村耕地，西邻王楼行政村耕地，北邻王楼行政村耕地、王楼行政村林地、王楼行政村建设用地。,9.002600,0.000000,工业用地,挂牌出让,50,其它,五级,2360.0000,菏泽民生热力有限公司,1.00,,2016年08月06日,2016年09月06日,2019年09月05日,,,菏泽市,2016年07月06日
漯河市本级,4111002016B00778,刘继宝,郾城区井冈山路北段沙田莱茵风景63B号楼3单元306室,0.002190,0.002190,其他普通商品住房用地,协议出让,70,群众团体、社会团体和宗教组织,二级,0.1511,刘继宝,,,,,,,,漯河市,2016年07月06日
石河子市,6590012016A00508,石河子高新区开拓路（科学路-滨河北路）道路项目,石河子镇南湾村、五道湾村,5.924000,0.000000,街巷用地,划拨,,群众团体、社会团体和宗教组织,九级,118.4800,,,,2016年09月12日,2016年09月20日,2017年10月30日,,,石河子市人民政府,2016年07月06日
花溪区,5201112016B00298,贵安新区马场镇MM-20-04-1地块建设项目,贵安新区马场镇,10.825081,0.000000,中低价位、中小套型普通商品住房用地,挂牌出让,70,房地产业,三级,6689.9001,贵州贵安电子信息产业投资有限公司,1.00,2.00,2017年01月06日,2017年02月06日,2019年02月06日,,,贵安新区管委会,2016年07月06日
益阳市本级,4309002016B29075,李卓奇国有划拨用地使用权出让,赫山区七里桥,0.001504,0.001504,中低价位、中小套型普通商品住房用地,协议出让,70,房地产业,二级,0.1196,李卓奇,,,2016年07月06日,,,,,益阳市,2016年07月06日
和平区,1201012016B01930,张宝臣,红桥区天鸿大厦B座1层004,0.000510,0.000510,其他商服用地,协议出让,40,商务服务业,三级,5.8827,张宝臣,0.00,0.00,,,,,,天津市人民政府授权的天津市国土资源和房屋管理局,2016年07月06日
亳州市本级,3416002016A00787,亳州芜湖现代产业园区月季支路（张良路至南扩三路连接段）,月季路以南，张良路以东,1.487400,0.000000,街巷用地,划拨,,中国共产党机关,四级,0.0000,,,,,,,,,亳州市人民政府,2016年07月06日
上饶市本级,3611002016A00454,枫林办事处供水工程,三清山枫林综合服务区A1-12-02地块内,0.802800,0.000000,公共设施用地,划拨,,水的生产和供应业,未评估地区,0.0000,,,0.50,2016年08月10日,2016年10月10日,2017年10月09日,,,上饶市人民政府,2016年07月06日
萝北县,2304212016B00536,商服,凤翔镇十三委（八仙楼1层102室）,0.001592,0.001592,批发零售用地,协议出让,22.86,租赁业,一级,0.8744,张凤芹,3.25,3.25,2016年07月28日,,,,,萝北县,2016年07月06日
益阳市本级,4309002016B29039,姜楚华国有划拨用地使用权出让,市栖霞路北侧,0.001810,0.001810,中低价位、中小套型普通商品住房用地,协议出让,70,房地产业,二级,0.1439,姜楚华,,,2016年07月06日,,,,,益阳市,2016年07月06日
天祝藏族自治县,6206232016A00519,天祝县炭山岭镇集中供热换热站项目,炭山岭镇炭山岭村,0.184500,0.000000,公共设施用地,划拨,,国家机构,未评估地区,0.0000,,1.00,,2017年04月03日,2017年04月05日,2018年12月03日,,,天祝县人民政府,2016年07月06日
亳州市本级,3416002016A00680,漳河绿化地块4,漳河西侧、纬三路以北段,2.287680,0.000000,公园与绿地,划拨,,中国共产党机关,四级,0.0000,,,,,,,,,亳州市人民政府,2016年07月06日
北辰区,1201132016A00288,吉美（唯可得）界外地,北辰区,0.063380,0.000000,公路用地,划拨,,国家机构,一级,,,,,,,,,,天津市国土资源和房屋管理局北辰区国土资源分局,2016年07月06日
亳州市本级,3416002016A00720,酒城大道南侧绿化带,漆园路至汤王大道段,3.559050,0.000000,公园与绿地,划拨,,中国共产党机关,四级,0.0000,,,,,,,,,亳州市人民政府,2016年07月06日
沙县,3504272016B00167,生态新城迎宾大道北侧F8地块,海西三明生态工贸区生态新城迎宾大道北侧,4.308100,0.000000,商务金融用地,挂牌出让,40,商务服务业,四级,3816.0000,福建三明生态工贸区生态新城集团有限公司,1.00,1.60,2016年07月22日,2017年04月22日,2020年04月22日,,,,2016年07月06日
湘乡市,4303812016B02223,中央绿城(一),东办东林村、塔子村,0.279503,0.279503,其他普通商品住房用地,挂牌出让,其他普通商品住房用地70年; 其他商服用地40年;,房地产业,二级,695.0000,湘乡市鸿德房地产开发有限公司,2.00,2.50,2017年01月20日,2017年04月20日,2019年04月19日,,,湘乡市,2016年07月06日
白河县,6109292016A00495,广兴金座三期公租房,城关镇公路村八组,0.033200,0.000000,廉租住房用地,划拨,,房地产业,十五等级,1.7247,,3.00,4.00,2016年07月20日,2016年07月20日,2017年07月19日,,,白河县人民政府,2016年07月06日
商丘市本级,4114002016B01281,商丘新长盛置业有限公司房地产开发,星林路东侧、宋城路北侧,7.759907,6.434541,中低价位、中小套型普通商品住房用地,挂牌出让,中低价位、中小套型普通商品住房用地70年; 批发零售用地40年;,房地产业,三级,10265.9000,商丘新长盛置业有限公司,1.00,3.00,2016年09月05日,2017年07月05日,2020年07月04日,,,商丘市,2016年07月06日
千阳县,6103282016B00075,千阳县金润源新能源有限责任公司LNG加气站,城关镇环城南路,0.408100,0.000000,其他商服用地,挂牌出让,40,燃气生产和供应业,未评估地区,94.8500,千阳县金润源新能源有限责任公司,,3.50,2016年08月01日,2016年08月01日,2018年07月31日,,,千阳县,2016年07月06日
岐山县,6103232016B00182,加气站,凤鸣镇太子村,0.216400,0.000000,批发零售用地,挂牌出让,40,批发和零售业,四级,120.2000,宝鸡市五岳能源有限公司,,3.50,2016年07月13日,2016年08月25日,2016年12月08日,,,岐山县,2016年07月06日
亳州市本级,3416002016A00718,漳河绿化地块1,漳河西侧、绕城快速以北段,1.373450,0.000000,公园与绿地,划拨,,中国共产党机关,四级,0.0000,,,,,,,,,亳州市人民政府,2016年07月06日
萝北县,2304212016B00545,商服,凤翔镇七委（水利局3号楼1层5室）,0.002064,0.002064,住宿餐饮用地,协议出让,26.05,租赁业,一级,1.3481,张春梅,4.48,4.48,2016年07月28日,,,,,萝北县,2016年07月06日
漯河市本级,4111002016B00778,刘继宝,郾城区井冈山路北段沙田莱茵风景63B号楼3单元306室,0.002190,0.002190,其他普通商品住房用地,协议出让,70,群众团体、社会团体和宗教组织,二级,0.1511,刘继宝,,,,,,,,漯河市,2016年07月06日
石河子市,6590012016A00508,石河子高新区开拓路（科学路-滨河北路）道路项目,石河子镇南湾村、五道湾村,5.924000,0.000000,街巷用地,划拨,,群众团体、社会团体和宗教组织,九级,118.4800,,,,2016年09月12日,2016年09月20日,2017年10月30日,,,石河子市人民政府,2016年07月06日
亳州市本级,3416002016A00787,亳州芜湖现代产业园区月季支路（张良路至南扩三路连接段）,月季路以南，张良路以东,1.487400,0.000000,街巷用地,划拨,,中国共产党机关,四级,0.0000,,,,,,,,,亳州市人民政府,2016年07月06日
澄城县,6105252016B00184,寺前粮油购销管理站转让项目,澄城县寺前镇醍醐村108国道北,0.299988,0.299988,仓储用地,协议出让,41,仓储业,一级,3.3091,王治家,,,2016年07月07日,,,,,澄城县,2016年07月06日
松滋市,4210872016B01693,杨昌宣,新江口镇五一路62号3栋二单元302室,0.003018,0.003018,中低价位、中小套型普通商品住房用地,协议出让,20,建筑业,二级,1.0462,杨昌宣,,,2016年07月30日,,,,,松滋市,2016年07月06日
宾阳县,4501262016B01160,住宅项目,宾阳县黎塘镇城南小区203号,0.008000,0.008000,中低价位、中小套型普通商品住房用地,协议出让,70,居民服务业,二级,4.2086,韦凤球,,6.00,2016年07月06日,2017年07月06日,2018年07月06日,,,宾阳县,2016年07月06日
花溪区,5201112016B00367,贵安新区湖潮乡ZJ-10-06地块建设项目,贵安新区湖潮乡,4.867677,0.000000,中低价位、中小套型普通商品住房用地,挂牌出让,中低价位、中小套型普通商品住房用地70年; 其他普通商品住房用地70年; 批发零售用地40年;,房地产业,二级,8333.4630,贵州贵安置业投资有限公司,1.00,2.00,2017年01月06日,2017年02月06日,2019年02月06日,,,贵安新区管委会,2016年07月06日
成都市本级,5101002016B00760,成华区建材路临西南汽贸地块,成华区建材路临西南汽贸地块,1.642203,1.510060,其他普通商品住房用地,拍卖出让,70,房地产业,五级,40167.4000,成都中洲锦江房地产有限公司,1.00,3.80,2016年08月12日,2017年08月12日,2018年05月12日,,,成都市,2016年07月06日
平南县,4508212016B00087,平南县2016年第5期（PN2016-016)国有建设用地（广西平南县美城房地产开发有限公司）,平南县思旺镇东街坑地段,0.179110,0.000000,其他普通商品住房用地,挂牌出让,70,房地产业,十四等级,133.0000,广西平南县美城房地产开发有限公司,3.50,10.00,2016年09月06日,2017年09月05日,2020年09月05日,,,平南县,2016年07月06日
吉木萨尔县,6523272016B00286,新建年产30万吨立方米加气块生产线及配套辅助设施项目,准东五彩湾生产服务区,0.374900,0.000000,工业用地,挂牌出让,50,其它,未评估地区,9.4475,吉木萨尔县五彩湾沙源新型建材有限公司,0.70,0.90,2016年07月10日,2016年08月01日,2017年08月01日,,,新疆准东经济技术开发区管理委员会,2016年07月06日
花溪区,5201112016B00350,贵安新区湖潮乡ZJ-08-01地块建设项目,贵安新区湖潮乡,6.826136,0.000000,中低价位、中小套型普通商品住房用地,挂牌出让,70,房地产业,二级,11686.3448,贵州贵安置业投资有限公司,1.00,2.00,2017年01月06日,2017年02月06日,2019年02月06日,,,贵安新区管委会,2016年07月06日
唐县,1306272016B00297,河北欣平房地产开发有限公司,唐县房庄村西侧、,0.558400,0.000000,其他普通商品住房用地,挂牌出让,70,房地产业,一级,602.0000,河北欣平房地产开发有限公司,1.20,3.50,2016年07月06日,2017年07月01日,2020年07月01日,,,唐县,2016年07月06日
沧州市本级,1309002016B00985,空气氧化法制取22200吨/年甲基苯甲酸系列及其衍生物对甲基苯甲酸乙酯、N，N-二乙基间甲基苯甲酰胺、苯乙酮项目,沧州临港经济技术开发区东区，北至化工一路，南至国有空地，西至河北吉晖科技发展有限公司用地，东至国有空地,8.323841,8.323841,工业用地,挂牌出让,50,化学原料及化学制品制造业,十一级,1206.0000,沧州磐希化工有限公司,0.80,0.00,2017年06月01日,2018年06月01日,2020年05月31日,,,沧州渤海新区管理委员会,2016年07月06日
九台市,2201812016B00858,李孝波建设商业楼,九台区纪家镇街道,0.015276,0.015276,批发零售用地,挂牌出让,40,零售业,未评估地区,11.5094,李孝波,1.78,1.78,2016年09月06日,2017年09月06日,2019年09月06日,,,长春市九台区,2016年07月06日
沂南县,3713212016B00605,商服项目,规划南外环路以南、沂新路以东,2.401700,2.401700,批发零售用地,挂牌出让,40,零售业,未评估地区,649.0000,山东省标王互联网科技有限公司,0.00,1.50,2016年07月06日,2016年10月06日,2018年10月06日,,,沂南县,2016年07月06日
务川仡佬族苗族自治县,5203262016B00111,贵州务川师之传食品有限公司,大坪工业园区斯达制衣厂旁边,1.000500,0.000000,工业用地,挂牌出让,50,农副食品加工业,一级,120.0000,贵州务川师之传食品有限公司,1.00,,2017年06月20日,2018年06月20日,2021年06月20日,,,务川自治县,2016年07月06日
寻乌县,3607342016B00106,寻乌县城东五里亭A地块用地出让,寻乌县城东五里亭A地块,3.725780,0.000000,其他商服用地,拍卖出让,40,批发业,未评估地区,2300.0000,寻乌县橙色电子商务发展有限公司,,1.20,2017年01月24日,2017年06月24日,2019年06月24日,,,寻乌县,2016年07月06日
海淀区,1101082016A00163,北京市地铁六号线海淀五路居站（2号无障碍电梯口）,北京市海淀区地铁六号线五路居站（2号无障碍电梯口）,0.009103,0.009103,街巷用地,划拨,,城市公共交通业,三级,,,1.00,1.00,2016年07月06日,2017年07月06日,2019年07月05日,,,海淀区人民政府,2016年07月06日
南丰县,3610232016A00094,南丰县桔都小学校区建设,南丰县桔苑北路与琴台路交汇处,0.793400,0.000000,科教用地,划拨,,教育业,二级,0.0000,,0.50,0.80,2016年07月07日,2016年08月07日,2018年08月07日,,,南丰县人民政府,2016年07月06日
蒲城县,6105262016B00146,陕西伟天置业有限公司蒲城鼎力分公司,蒲城县城区尧山路西段,0.285333,0.285333,其他普通商品住房用地,拍卖出让,70,房地产业,二级,378.0000,陕西伟天置业有限公司蒲城鼎力分公司,2.00,3.50,2016年07月08日,2016年08月31日,2018年08月31日,,,蒲城县,2016年07月06日
上饶市本级,3611002016B00461,朝阳产业园C-01地块,上饶市信州区朝阳镇盘石村,3.333440,3.333440,中低价位、中小套型普通商品住房用地,挂牌出让,70,房地产业,未评估地区,3283.0500,上饶市朝扬产业园开发有限公司,1.00,2.30,2016年10月23日,2017年09月23日,2020年09月22日,,,上饶市,2016年07月06日
萍乡市本级,3603002016A00122,萍乡市公安局直属分局业务技术用房,经济开发区宝鼎路旁,0.600000,0.000000,机关团体用地,划拨,,居民服务业,一级,0.0000,,1.00,2.00,2016年07月13日,2017年01月13日,2019年01月13日,,,萍乡市人民政府,2016年07月06日
襄汾县,1410232016A00029,襄汾县休干院棚户区改造项目,襄汾县文卫路北，画儿胡同东侧,0.165007,0.165007,中低价位、中小套型普通商品住房用地,划拨,,房地产业,十三等级,,,2.50,3.00,2016年10月06日,2017年04月06日,2019年04月06日,,,襄汾县人民政府,2016年07月06日
萝北县,2304212016B00571,商服,肇兴镇龙江村,0.005768,0.005768,其他商服用地,协议出让,10,租赁业,三级,0.5817,刘艳强,1.00,1.00,2016年07月29日,,,,,萝北县,2016年07月06日
花溪区,5201112016B00350,贵安新区湖潮乡ZJ-08-01地块建设项目,贵安新区湖潮乡,6.826136,0.000000,中低价位、中小套型普通商品住房用地,挂牌出让,70,房地产业,二级,11686.3448,贵州贵安置业投资有限公司,1.00,2.00,2017年01月06日,2017年02月06日,2019年02月06日,,,贵安新区管委会,2016年07月06日
石河子市,6590012016A00269,石河子第十三中学建设项目,石河子南山新区（石河子镇南湾村）,8.085900,0.000000,科教用地,划拨,,教育业,九级,161.7180,,0.41,,2016年08月10日,2016年08月20日,2018年08月19日,,,石河子市人民政府,2016年07月06日
随县,4213212016B00441,随州市均鑫工贸有限公司,均川镇幸福居委会,0.648600,0.000000,工业用地,挂牌出让,50,农副食品加工业,二级,119.3600,随州市均鑫工贸有限公司,1.00,,2016年07月07日,2017年07月05日,2018年07月05日,,,随县,2016年07月06日
荔蒲县,4503312016B00609,陈俊斌 陈玉琼个人住宅用地,荔城镇城东社区通塔巷165号,0.011835,0.011835,其他普通商品住房用地,协议出让,70,住宿业,十三等级,7.1010,陈俊斌 陈玉琼,,,,,,,,荔浦县,2016年07月06日
晋宁县,5301222016B00207,工业用地    云南滇莅汽车科技有限公司,晋宁工园区晋城基地,3.039284,0.000000,工业用地,挂牌出让,50,金属制品业,二级,825.1790,云南滇莅汽车科技有限公司,1.00,1.50,2016年09月01日,2017年03月01日,2020年03月01日,,,昆明市,2016年07月06日
花溪区,5201112016B00240,贵安新区湖磊路交兴科北路东南路MM-16-01地块建设项目,贵安新区湖潮乡和马场镇,14.541186,0.000000,工业用地,挂牌出让,50,通用设备制造业,二级,3155.0000,贵州贵安产业投资有限公司,0.80,0.00,2017年01月06日,2017年02月06日,2019年02月06日,,,贵安新区管委会,2016年07月06日
临朐县,3707242016B00596,年加工铝合金门窗8万平方米,辛寨镇区，规划九号路交冶伦路东北侧，地块北侧为刘玉吉土地与张家大山村村民委员会土地，南侧为林兆伟土地,0.518600,0.518600,工业用地,挂牌出让,50,金属制品业,四级,86.3469,临朐县恩友工业铝材有限公司,1.00,,2016年08月06日,2016年09月06日,2019年09月06日,,,临朐县,2016年07月06日
宁乡县,4301242016B00693,宁乡县万寿山加油站,宁乡县回龙铺镇侯旨亭社区,0.139250,0.000000,其他商服用地,挂牌出让,40,石油加工、炼焦及核燃料加工业,一级,398.0000,宁乡县万寿山加油站,0.00,0.50,2016年07月06日,2017年07月05日,2019年07月05日,,,宁乡县,2016年07月06日
亳州市本级,3416002016A00805,精华制药亳州康普有限公司周边绿化,酒城大道北侧，漆园路西侧,3.914660,0.000000,公园与绿地,划拨,,中国共产党机关,三级,0.0000,,,,,,,,,亳州市人民政府,2016年07月06日
户县,6101252016B00236,西安天汇置业有限公司项目,"沣京路以南,天慧国际东",0.471170,0.471170,其他普通商品住房用地,挂牌出让,其他普通商品住房用地70年; 其他商服用地40年; 廉租住房用地70年;,房地产业,一级,1106.0000,西安天汇置业有限公司,1.20,7.30,2016年08月06日,2017年08月06日,2020年08月06日,,,户县,2016年07月06日
白河县,6109292016A00516,翠华坡2号廉租房,冷水镇洞子村四组,0.044740,0.000000,廉租住房用地,划拨,,房地产业,十五等级,2.3242,,2.00,3.00,2016年07月20日,2016年07月20日,2017年07月19日,,,白河县人民政府,2016年07月06日
海淀区,1101082016A00228,北京市地铁六号线工程花园桥站（4B号出入口）,北京市海淀区地铁六号线一期工程花园桥站（4B号出入口）,0.005935,0.005935,街巷用地,划拨,,城市公共交通业,三级,,,1.00,1.00,2016年07月06日,2017年07月06日,2019年07月05日,,,海淀区人民政府,2016年07月06日
阜南县,3412252016B00299,棚户区改造项目建设,薛集路南侧、地城南路东侧、环城路北侧,1.327870,1.327870,其他普通商品住房用地,挂牌出让,其他普通商品住房用地70年; 其他商服用地40年;,房地产业,二级,4023.8400,黑龙江宇辉房地产开发有限责任公司,1.20,3.00,2016年08月05日,2016年11月04日,2018年05月03日,,,阜南县,2016年07月06日
嘉祥县,3708292016B00345,邮电大楼西建设项目,迎风路以东、呈祥大道以北,0.345800,0.000000,其他商服用地,挂牌出让,40,房地产业,一级,1770.0000,嘉祥大力置业有限公司,1.50,1.85,2016年07月06日,2016年11月26日,2019年11月25日,,,嘉祥县,2016年07月06日
511903000,5119032016B00176,商业,登科街道办事处麻石村（A04-02）,6.506430,1.135981,其他商服用地,拍卖出让,40,房地产业,一级,9552.0000,巴中金汇发展有限责任公司,,2.50,2017年01月06日,2018年01月05日,2021年01月04日,,,巴中市恩阳区,2016年07月06日
石河子市,6590012016A00308,石河子质量技术监督局综合实验楼项目,石河子镇努尔巴克村,1.559900,0.000000,机关团体用地,划拨,,中国共产党机关,九级,31.1980,,0.81,,2016年08月10日,2016年08月22日,2018年08月21日,,,石河子市人民政府,2016年07月06日
沙县,3504272016B00167,生态新城迎宾大道北侧F8地块,海西三明生态工贸区生态新城迎宾大道北侧,4.308100,0.000000,商务金融用地,挂牌出让,40,商务服务业,四级,3816.0000,福建三明生态工贸区生态新城集团有限公司,1.00,1.60,2016年07月22日,2017年04月22日,2020年04月22日,,,,2016年07月06日
务川仡佬族苗族自治县,5203262016A00138,县气象站业务用房及配配套基础设施建设项目,都濡镇河滨南路七角坪安置房东侧,0.995300,0.861870,机关团体用地,划拨,,公共设施管理业,十五等级,0.0000,,0.20,0.20,2016年08月09日,2016年11月28日,2017年07月19日,,,务川自治县人民政府,2016年07月06日
陵县,3714212016B00650,德州保瑞置业有限公司,东内环路以东、笃马河以西、中兴路以南、进修小学以北,3.271300,0.000000,其他普通商品住房用地,挂牌出让,70,房地产业,三级,3423.0000,德州保瑞置业有限公司,1.00,2.20,2017年05月08日,2017年09月12日,2020年09月12日,,,德州市陵城区,2016年07月06日
腾冲县,5305222016B00504,左灿龙城镇单一住宅用地,腾越镇秀峰社区泰安小区,0.014800,0.014800,其他普通商品住房用地,协议出让,70,房地产业,一级,47.3600,左灿龙,1.00,1.20,2016年07月06日,,,,,腾冲市,2016年07月06日
花溪区,5201112016B00250,贵安新区高峰镇ML-01-01-2地块建设项目,贵安新区高峰镇,10.812506,0.000000,批发零售用地,挂牌出让,40,批发业,四级,5454.9093,贵州贵安置业投资有限公司,0.00,0.50,2017年01月06日,2017年02月06日,2019年02月06日,,,贵安新区管委会,2016年07月06日
桃源县,4307252016B02048,刘志辉续期出让,漳江镇莲花湖居委会,0.003472,0.003472,其他普通商品住房用地,协议出让,55,住宿业,二级,1.5758,刘志辉,1.00,3.94,,,,,,桃源县,2016年07月06日
沂南县,3713212016B00605,商服项目,规划南外环路以南、沂新路以东,2.401700,2.401700,批发零售用地,挂牌出让,40,零售业,未评估地区,649.0000,山东省标王互联网科技有限公司,0.00,1.50,2016年07月06日,2016年10月06日,2018年10月06日,,,沂南县,2016年07月06日
务川仡佬族苗族自治县,5203262016B00111,贵州务川师之传食品有限公司,大坪工业园区斯达制衣厂旁边,1.000500,0.000000,工业用地,挂牌出让,50,农副食品加工业,一级,120.0000,贵州务川师之传食品有限公司,1.00,,2017年06月20日,2018年06月20日,2021年06月20日,,,务川自治县,2016年07月06日
济源市,4108812016B00181,王屋山庄园2015-31,王屋镇迎门村第一居民组界北，穴沟口南，坡根地西，愚公林场坡界东,0.664700,0.000000,公共设施用地,挂牌出让,40,公共设施管理业,十一级,169.4900,济源市旅游集团有限公司,,1.20,2016年07月06日,2016年08月06日,2019年08月06日,,,济源市,2016年07月06日
海淀区,1101082016A00238,北京市地铁六号线工程花园桥站（3号出入口和2号风亭）,北京市海淀区地铁六号线一期工程花园桥站（3号出入口和2号风亭）,0.047591,0.047591,街巷用地,划拨,,城市公共交通业,三级,,,1.00,1.00,2016年07月06日,2017年07月06日,2019年07月05日,,,海淀区人民政府,2016年07月06日
浠水县,4211252014A01415,宝塔公租房,浠水县清泉镇宝塔村、丁麻路东侧、白龙路北侧,0.840255,0.840255,公共租赁住房用地,划拨,,社会保障业,三级,,,1.00,3.60,2016年12月09日,2017年07月10日,2019年07月10日,,,浠水县人民政府,2016年07月06日
临朐县,3707242016B00588,果品交易、仓储；物流服务,城关街道，西环路交兴隆路西南侧，地块西侧、南侧均为篦子庄村村民委员会土地,0.466600,0.000000,批发零售用地,挂牌出让,40,批发业,四级,186.1734,临朐鲜果樱桃交易有限公司,1.20,2.70,2016年08月06日,2016年09月06日,2019年09月06日,,,临朐县,2016年07月06日
邵东县,4305212014B00984,加油加气站用地,邵东县生态产业园衡宝路与兴隆路交叉口的西南角,0.358750,0.000000,其他商服用地,拍卖出让,40,燃气生产和供应业,三级,700.0000,邵东县兴隆路加油站,,1.00,2016年08月08日,2016年08月08日,2018年08月08日,,,邵东县,2016年07月06日
花溪区,5201112016B00367,贵安新区湖潮乡ZJ-10-06地块建设项目,贵安新区湖潮乡,4.867677,0.000000,中低价位、中小套型普通商品住房用地,挂牌出让,中低价位、中小套型普通商品住房用地70年; 其他普通商品住房用地70年; 批发零售用地40年;,房地产业,二级,8333.4630,贵州贵安置业投资有限公司,1.00,2.00,2017年01月06日,2017年02月06日,2019年02月06日,,,贵安新区管委会,2016年07月06日
松滋市,4210872016B01730,周静,新江口镇石板坡145号,0.008020,0.008020,中低价位、中小套型普通商品住房用地,协议出让,20,建筑业,二级,2.2966,周静,,,2016年07月25日,,,,,松滋市,2016年07月06日
商丘市本级,4114002016B01299,商丘新长盛置业有限公司（房地产开发）,富商大道西侧、宋城路北侧,10.317767,9.116512,中低价位、中小套型普通商品住房用地,挂牌出让,中低价位、中小套型普通商品住房用地70年; 批发零售用地40年;,房地产业,三级,14236.3600,商丘新长盛置业有限公司,1.00,3.00,2016年09月05日,2017年07月05日,2020年07月04日,,,商丘市,2016年07月06日
石河子市,6590012016A00286,第八师石河子残疾人康复中心（辽疆康复医院、石河子高新区医院）一期建设项目,石河子镇南湾村、五道湾村,3.615200,0.000000,医卫慈善用地,划拨,,国家机构,九级,72.3040,,1.14,,2016年08月10日,2016年08月22日,2018年08月21日,,,石河子市人民政府,2016年07月06日
曲周县,1304352016B00090,防盗门生产项目,位于曲周镇关庄村南，曙光路以南，金塔货架南侧,0.667300,0.000000,工业用地,挂牌出让,50,金属制品业,十四等级,86.1000,邯郸市宇浩金属制品有限公司,1.00,1.80,2016年08月30日,2016年09月30日,2018年09月30日,,,曲周县,2016年07月06日
萝北县,2304212016B00559,商服,凤翔镇九委（水产综合楼）,0.001073,0.001073,批发零售用地,协议出让,22.15,租赁业,一级,0.6471,丁益民 姜丽华,4.93,4.93,2016年07月28日,,,,,萝北县,2016年07月06日
丰城市,3609812016A00336,丰城市森林消防大队营房、森林公安业务用房项目(周边空闲地）,林业局东边临街闲置空地,0.079200,0.079200,公共设施用地,划拨,,林业,十级,0.0000,,0.00,0.00,2016年08月30日,2017年06月30日,2018年06月30日,,,丰城市人民政府,2016年07月06日
西安市本级,6101002016B01820,商业,莲湖区西桃园村,0.155500,0.155500,其他商服用地,挂牌出让,40,房地产业,三级,4240.0000,陕西长九实业有限公司,,1.27,2016年07月28日,2017年05月28日,2020年05月28日,,,西安市,2016年07月06日
成都市本级,5101002016B00805,金牛区天回镇街道木龙湾社区9、10组,金牛区天回镇街道木龙湾社区9、10组,4.987137,0.000000,其他普通商品住房用地,拍卖出让,70,房地产业,六级,20793.2200,华润置地（成都）有限公司,1.00,2.85,2016年08月12日,2017年08月12日,2019年09月12日,,,成都市,2016年07月06日
海淀区,1101082016A00219,北京市地铁六号线工程花园桥站（2号无障碍电梯口）,北京市海淀区地铁六号线一期工程花园桥站（2号无障碍电梯口）,0.010275,0.010275,街巷用地,划拨,,城市公共交通业,三级,,,1.00,1.00,2016年07月06日,2017年07月06日,2019年07月05日,,,海淀区人民政府,2016年07月06日
进贤县,3601242016B00055,商、住楼,白圩乡原白圩砖厂地块,1.362672,0.000000,其他商服用地,拍卖出让,商业40年住宅70年,房地产业,十二级,612.7600,江西贤悦实业有限公司,,1.60,2016年10月06日,2017年07月06日,2019年07月06日,,,进贤县,2016年07月06日
济源市,4108812016B00175,王屋山庄园2015-30,王屋镇迎门村第一居民组界北，穴沟口南，坡根地西，愚公林场坡界东,0.361600,0.000000,公共设施用地,挂牌出让,40,公共设施管理业,十一级,92.2080,济源市旅游集团有限公司,,1.20,2016年07月06日,2016年08月06日,2019年08月06日,,,济源市,2016年07月06日
松滋市,4210872016B01750,乔文凤,新江口镇康宁路107号,0.015238,0.015238,中低价位、中小套型普通商品住房用地,协议出让,30,建筑业,二级,4.9338,乔文凤,0.00,0.00,2016年07月25日,,,,,松滋市,2016年07月06日
南昌市本级,3601002016B00910,商业、商务、行政办公用地,红谷滩新区西客站平安东二街以南、新龙岗大道以西（西客站HJZ703-D04地块）。,1.107191,0.148591,其他商服用地,拍卖出让,40,房地产业,十三等级,5547.0720,刘迎,0.00,3.00,2016年07月06日,2017年04月06日,2019年04月06日,,,南昌市,2016年07月06日
叶县,4104222016B00121,中国平煤神马集团尼龙科技有限公司年产20万吨己内酰胺项目,平顶山化工产业集聚区竹园二路西侧,12.113082,0.000000,工业用地,挂牌出让,50,化学原料及化学制品制造业,四级,3089.0000,中国平煤神马集团尼龙科技有限公司,1.20,,2016年07月15日,2017年07月15日,2018年07月15日,,,叶县,2016年07月06日
丰都县,5002302016A00197,名城大道道路工程,丰都县名山组团东部,1.069200,1.069200,公路用地,划拨,,道路运输业,十四等级,,,1.00,1.00,2016年07月20日,2016年10月13日,2017年06月13日,,,丰都县人民政府,2016年07月06日
宾阳县,4501262016B01172,住宅项目,宾阳县宾州镇中和街232号,0.008508,0.008508,中低价位、中小套型普通商品住房用地,协议出让,70,居民服务业,一级,8.3549,谭翠英,,6.00,2016年07月06日,,,,,宾阳县,2016年07月06日
绥宁县,4305272016B02025,罗焕华住宅用地,绥宁县长铺镇东正路（县公安局院内）,0.092291,0.001922,中低价位、中小套型普通商品住房用地,协议出让,70,房地产业,一级,0.4135,罗焕华,5.10,5.10,,,,,,绥宁县,2016年07月06日
长寿区,5001152016B00439,新建重庆港主城港区长寿胡家坪作业区二区团山堡罐区项目,长寿经开区晏A22-1/02号地块,15.166700,0.000000,仓储用地,挂牌出让,50,仓储业,十级,4095.0100,重庆新恒阳储运有限公司,,1.50,2016年07月29日,2017年04月11日,2019年04月11日,,,重庆市长寿区,2016年07月06日
九三分局,2391072016A00090,九三热力有限公司扩建煤场、灰场,九三管理局局直大西江路南侧、原锅炉房东北侧,0.606800,0.000000,公共设施用地,划拨,,公共设施管理业,二级,0.0000,,0.00,0.00,2016年07月15日,2017年07月05日,2018年10月30日,,,黑龙江省农垦总局,2016年07月06日
岐山县,6103232016B00182,加气站,凤鸣镇太子村,0.216400,0.000000,批发零售用地,挂牌出让,40,批发和零售业,四级,120.2000,宝鸡市五岳能源有限公司,,3.50,2016年07月13日,2016年08月25日,2016年12月08日,,,岐山县,2016年07月06日
亳州市本级,3416002016A00718,漳河绿化地块1,漳河西侧、绕城快速以北段,1.373450,0.000000,公园与绿地,划拨,,中国共产党机关,四级,0.0000,,,,,,,,,亳州市人民政府,2016年07月06日
海淀区,1101082016A00228,北京市地铁六号线工程花园桥站（4B号出入口）,北京市海淀区地铁六号线一期工程花园桥站（4B号出入口）,0.005935,0.005935,街巷用地,划拨,,城市公共交通业,三级,,,1.00,1.00,2016年07月06日,2017年07月06日,2019年07月05日,,,海淀区人民政府,2016年07月06日
海伦市,2312832016B00312,粮食烘干仓储项目,前进乡自新村,1.204640,0.000000,工业用地,挂牌出让,50,仓储业,二级,180.6960,海伦市自新农机农民专业合作社,1.00,1.05,2016年08月01日,2016年09月01日,2017年09月01日,,,海伦市,2016年07月06日
江北区,3302052016A00257,宁波北门户商务区一期中心绿地（南侧）,洪塘街道,0.422600,0.422600,公园与绿地,划拨,,商务服务业,五级,,,,,2016年07月06日,2017年07月05日,2019年07月05日,,,宁波市人民政府,2016年07月06日
兰州市本级,6201002016B00485,安宁区商业项目,经济区安宁园区范围内，B579号规划道路以南、S583号规划道路以北、S556号规划道路以西、B572号规划道路以东,3.160840,0.000000,其他商服用地,挂牌出让,40,房地产业,六级,16920.0000,甘肃联智房地产开发有限公司,0.00,5.00,2016年09月04日,2017年09月04日,2020年09月04日,,,兰州市,2016年07月06日
乐陵市,3714812016B00340,德州赛阳新能源科技有限公司年产1200套（台）大气式燃气锅炉生产项目,朱棒锤村西南角,1.332000,0.000000,工业用地,挂牌出让,50,通用设备制造业,四级,167.0000,德州赛阳新能源科技有限公司,1.00,,2016年08月06日,2016年08月15日,2018年08月15日,,,乐陵市,2016年07月06日
宝应县,3210232016B00897,物流用地（开发区泰山路北侧、荷香路东侧）,宝应县泰山东路98号,1.140400,1.140400,其他商服用地,挂牌出让,40,商务服务业,三级,703.0000,宝应县圆通物流有限公司,0.00,1.20,2016年10月21日,2017年10月20日,2019年11月21日,,,宝应县人民政府,2016年07月06日
分宜县,3605212016B00100,商住楼,钤山西路北侧，洪阳北路西侧,0.615630,0.000000,其他普通商品住房用地,挂牌出让,商业四十年住宅七十年,房地产业,三级,1980.0000,分宜县房地产开发公司,1.00,1.80,2016年08月21日,2017年02月21日,2019年02月21日,,,分宜县,2016年07月06日
伍家岗区,4205032016A00189,中学,松林路与东山二路交会处,0.353600,0.000000,科教用地,划拨,,教育业,五级,0.0000,,0.00,1.00,2016年07月30日,2016年08月30日,2017年08月30日,,,湖北省人民政府,2016年07月06日
资兴市,4310812016B01516,住宅,资兴市新区综合楼村,0.117010,0.001564,其他普通商品住房用地,协议出让,70,住宿业,三级,0.3172,张兆兴、王志荣,,,2016年07月06日,,,,,资兴市,2016年07月06日
亳州市本级,3416002016A00815,华佗大道东侧，合欢路北侧绿化用地,华佗大道东侧，合欢路北侧,1.507080,0.000000,公园与绿地,划拨,,中国共产党机关,四级,0.0000,,,,,,,,,亳州市人民政府,2016年07月06日
新化县,4313222016B00137,新协出[2016]03号,上梅镇立新桥街,0.009840,0.009840,其他普通商品住房用地,协议出让,40,房地产业,二级,14.0000,姜志祥等7人,,,2016年07月06日,,,,,新化县,2016年07月06日
同仁县,6323212016B00185,黄南州金色热贡工艺苑,隆务镇吾屯上庄村,0.326900,0.000000,其他商服用地,挂牌出让,40,文化艺术业,未评估地区,111.4700,黄南州金色热贡工艺苑,,2.80,2016年07月12日,2016年07月12日,2017年11月12日,,,同仁县,2016年07月06日
菏泽市本级,3717002016B00287,菏泽民生热力有限公司,菏泽高新区吕陵镇，东邻王楼行政村耕地，南邻王楼行政村耕地，西邻王楼行政村耕地，北邻王楼行政村耕地、王楼行政村林地、王楼行政村建设用地。,9.002600,0.000000,工业用地,挂牌出让,50,其它,五级,2360.0000,菏泽民生热力有限公司,1.00,,2016年08月06日,2016年09月06日,2019年09月05日,,,菏泽市,2016年07月06日
红塔区,5304022016B00148,YHTC(2015)2号地块挂牌出让,玉溪市红塔区大营街街道常里社区居委会,0.600400,0.000000,工业用地,挂牌出让,50,燃气生产和供应业,未评估地区,312.0000,玉溪师琪燃气服务有限公司,1.00,,2016年09月04日,2017年03月04日,2020年03月04日,,,玉溪市红塔区,2016年07月06日
成都市本级,5101002016B00755,武侯区机投桥街道办事处半边街2组,武侯区机投桥街道办事处半边街2组,2.073385,0.000000,其他普通商品住房用地,拍卖出让,70,房地产业,五级,16342.3750,肖祥,1.00,2.99,2016年08月12日,2017年07月12日,2018年10月12日,,,成都市,2016年07月06日
和平区,1201012016B02000,中移铁通有限公司天津分公司,南开区保山道富祥园6号楼1门101,0.005830,0.005830,其他普通商品住房用地,协议出让,70,商务服务业,八级,2.4486,中移铁通有限公司天津分公司,0.00,0.00,,,,,,天津市国土资源和房屋管理局,2016年07月06日
腾冲县,5305222016B00497,寸时景城镇单一住宅用地,腾越镇秀峰社区泰安小区,0.020280,0.020280,其他普通商品住房用地,协议出让,70,房地产业,一级,53.0590,寸时景,1.00,1.20,2016年07月06日,,,,,腾冲市,2016年07月06日
亳州市本级,3416002016A00777,亳州芜湖现代产业园管理委员会,张良路以东，月季路以北,1.710920,0.000000,街巷用地,划拨,,中国共产党机关,四级,0.0000,,,,,,,,,亳州市人民政府,2016年07月06日
腾冲县,5305222016B00512,丁学唐城镇单一住宅用地,腾越镇秀峰社区泰安小区,0.039080,0.039080,其他普通商品住房用地,协议出让,70,房地产业,一级,125.0560,丁学唐,1.00,1.20,2016年07月06日,,,,,腾冲市,2016年07月06日
息烽县,5201222016B00096,蚕桑坡老县医院6号地块建设项目,息烽县永靖镇蚕桑坡,0.299800,0.299800,其他普通商品住房用地,挂牌出让,70,房地产业,三级,447.0000,息烽县城市建设投资有限公司,1.00,1.20,2017年01月05日,2018年01月05日,2021年01月05日,,,息烽县,2016年07月06日
海淀区,1101082016A00207,北京市地铁六号线工程花园桥站（2A号出入口）,北京市海淀区地铁六号线一期工程花园桥站（2A号出入口）,0.018460,0.018460,街巷用地,划拨,,城市公共交通业,三级,,,1.00,1.00,2016年07月06日,2017年07月06日,2019年07月05日,,,海淀区人民政府,2016年07月06日
花溪区,5201112016B00274,贵安新区高峰镇ML-01-01-1地块建设项目,贵安新区高峰镇,2.897519,0.000000,中低价位、中小套型普通商品住房用地,挂牌出让,70,房地产业,三级,1116.1243,贵州贵安置业投资有限公司,1.00,1.20,2017年01月06日,2017年02月06日,2019年02月06日,,,贵安新区管委会,2016年07月06日
元谋县,5323282016A00335,G108国道永仁（川滇界）至禄劝（屏山镇）段改造工程（元谋县城发祥北路延长线至能禹过境段改扩建项目）,元谋县城发祥北路延长线至小能禹村,2.942900,0.000000,公路用地,划拨,,道路运输业,未评估地区,0.0000,,,,2016年07月06日,2017年07月06日,2019年07月06日,,,楚雄州国土资源局,2016年07月06日
微山县,3708262016A00155,韩庄第一派出所服务用房,韩庄镇104国道北侧,0.335300,0.000000,公共设施用地,划拨,,公共管理和社会组织,十三等级,,,,1.20,2016年07月13日,2017年01月13日,2019年01月13日,,,微山县人民政府,2016年07月06日
南漳县,4206242016B02787,住宅用地,城关镇郭家土城村,0.011590,0.000000,其他普通商品住房用地,挂牌出让,70,居民服务和其他服务业,十三等级,3.8000,周思顺,1.00,2.00,2015年07月10日,,,,,南漳县,2016年07月06日
鄄城县,3717262016B00544,盛泰纺织,颖水街南、潍坊路西,1.055900,0.000000,工业用地,挂牌出让,50,皮革、毛皮、羽毛（绒）及其制造业,二级,215.0000,鄄城盛泰纺织有限公司,1.00,,2016年07月15日,2016年08月01日,2017年08月01日,,,鄄城县,2016年07月06日
花溪区,5201112016B00307,贵安新区马场镇MN-27-02地块建设项目,贵安新区马场镇,6.612845,0.000000,中低价位、中小套型普通商品住房用地,挂牌出让,中低价位、中小套型普通商品住房用地70年; 其他普通商品住房用地70年; 批发零售用地40年;,房地产业,二级,4642.2172,贵州贵安电子信息产业投资有限公司,1.00,1.80,2017年01月06日,2017年02月06日,2019年02月06日,,,贵安新区管委会,2016年07月06日
宝应县,3210232016B00897,物流用地（开发区泰山路北侧、荷香路东侧）,宝应县泰山东路98号,1.140400,1.140400,其他商服用地,挂牌出让,40,商务服务业,三级,703.0000,宝应县圆通物流有限公司,0.00,1.20,2016年10月21日,2017年10月20日,2019年11月21日,,,宝应县人民政府,2016年07月06日
岐山县,6103232016B00182,加气站,凤鸣镇太子村,0.216400,0.000000,批发零售用地,挂牌出让,40,批发和零售业,四级,120.2000,宝鸡市五岳能源有限公司,,3.50,2016年07月13日,2016年08月25日,2016年12月08日,,,岐山县,2016年07月06日
亳州市本级,3416002016A00718,漳河绿化地块1,漳河西侧、绕城快速以北段,1.373450,0.000000,公园与绿地,划拨,,中国共产党机关,四级,0.0000,,,,,,,,,亳州市人民政府,2016年07月06日
阜新市本级,2109002016B00259,阜新德尔汽车部件股份有限公司,开发区盛达路北、开发大街西,7.109000,0.098100,工业用地,挂牌出让,50,通用设备制造业,三级,2225.8300,阜新德尔汽车部件股份有限公司,0.80,0.00,2016年07月06日,2016年08月01日,2018年06月01日,,,阜新市,2016年07月06日
临朐县,3707242016B00601,电网经营，电力购销,九山镇区，泰薛路交向阳路西北侧，地块北侧为岸头村村民委员会土地，地块西侧为政府储备土地,0.324700,0.000000,其他商服用地,挂牌出让,40,电力、热力的生产和供应业,四级,170.4675,国网山东省电力公司临朐县供电公司,0.20,,2016年08月06日,2016年09月06日,2019年09月06日,,,临朐县,2016年07月06日
北海市本级,4505002016B00588,2016GC03003号地块,北海市铁山港工业区营闸路以北、经九路以西,0.333749,0.000000,其他普通商品住房用地,挂牌出让,70,批发业,三级,201.0000,中国石化销售有限公司华南分公司,1.00,2.00,2016年08月01日,2017年08月01日,2018年08月01日,,,北海市,2016年07月06日
绥宁县,4305272016B02039,肖春红住宅用地,绥宁县长铺镇黄桑路（原人造板厂宿舍楼内）,0.059710,0.001998,其他普通商品住房用地,协议出让,70,房地产业,一级,1.1000,肖春红,,5.90,,,,,,绥宁县,2016年07月06日
抚顺市本级,2104002016B00395,萨尔浒大道东局部地块,东洲区兰山乡,0.335400,0.000000,批发零售用地,挂牌出让,40,零售业,七级,264.5400,抚顺市兴宇科技实业有限公司兰山加油站,0.00,0.30,2016年07月06日,2017年07月06日,2020年07月06日,,,抚顺市,2016年07月06日
合浦县,4505212016B02517,城镇住宅用地,廉州镇东较场路红旗村边东侧37号,0.008713,0.008713,其他普通商品住房用地,协议出让,70,房地产业,二级,1.3504,陈仁华,,,,,,,,合浦县,2016年07月06日
唐县,1306272016B00297,河北欣平房地产开发有限公司,唐县房庄村西侧、,0.558400,0.000000,其他普通商品住房用地,挂牌出让,70,房地产业,一级,602.0000,河北欣平房地产开发有限公司,1.20,3.50,2016年07月06日,2017年07月01日,2020年07月01日,,,唐县,2016年07月06日
务川仡佬族苗族自治县,5203262016A00138,县气象站业务用房及配配套基础设施建设项目,都濡镇河滨南路七角坪安置房东侧,0.995300,0.861870,机关团体用地,划拨,,公共设施管理业,十五等级,0.0000,,0.20,0.20,2016年08月09日,2016年11月28日,2017年07月19日,,,务川自治县人民政府,2016年07月06日
平果县,4510232016A00736,马头镇炼沙村那马屯三队征用安置C块“三产”用地,平果县马头镇炼沙村那马大道东侧C地块,0.618733,0.000000,其他普通商品住房用地,划拨,,群众团体、社会团体和宗教组织,三级,0.0000,,1.00,2.50,2017年01月31日,,,,,平果县人民政府,2016年07月06日
安丘市,3707842016B00506,中沃.青云润景D区项目,二〇六国道西侧、潍徐南路北侧,2.138200,0.000000,其他普通商品住房用地,挂牌出让,其他普通商品住房用地70年; 其他商服用地40年;,房地产业,一级,2576.0000,山东中沃置业股份有限公司,1.00,1.80,2016年07月15日,2017年07月05日,2020年07月03日,,,安丘市,2016年07月06日
绥宁县,4305272016B02025,罗焕华住宅用地,绥宁县长铺镇东正路（县公安局院内）,0.092291,0.001922,中低价位、中小套型普通商品住房用地,协议出让,70,房地产业,一级,0.4135,罗焕华,5.10,5.10,,,,,,绥宁县,2016年07月06日
四子王旗,1509292016B00264,四子王旗绿舟蔬菜种植专业合作社新建500吨果蔬气调保鲜及脱水加工建设项目,乌江路南侧,2.331940,0.000000,工业用地,挂牌出让,50,农副食品加工业,未评估地区,240.0000,四子王旗绿舟蔬菜种植专业合作社,1.00,2.00,2016年08月30日,2017年06月01日,2019年06月01日,,,四子王旗,2016年07月06日
锦州市本级,2107002016B00406,房地产开发,锦州滨海新区（开发区）滨海路以东、海滨浴场以北,7.999990,7.999990,中低价位、中小套型普通商品住房用地,拍卖出让,70,房地产业,一级,10948.6700,锦州新基业房屋开发有限公司,1.20,3.50,2016年07月29日,2017年05月01日,2020年04月30日,,,锦州滨海新区（锦州经济技术开发区）管理委员会,2016年07月06日
上海市本级,3101002009A05564,上海女子监狱扩建武警营房工程,松江区泗泾镇17 街坊74/2丘,0.360920,0.000000,监教场所用地,划拨,,教育业,七级,0.0000,,1.00,0.00,2017年01月05日,2017年01月06日,2018年01月06日,,,松江区,2016年07月06日
花溪区,5201112016B00298,贵安新区马场镇MM-20-04-1地块建设项目,贵安新区马场镇,10.825081,0.000000,中低价位、中小套型普通商品住房用地,挂牌出让,70,房地产业,三级,6689.9001,贵州贵安电子信息产业投资有限公司,1.00,2.00,2017年01月06日,2017年02月06日,2019年02月06日,,,贵安新区管委会,2016年07月06日
益阳市本级,4309002016B29075,李卓奇国有划拨用地使用权出让,赫山区七里桥,0.001504,0.001504,中低价位、中小套型普通商品住房用地,协议出让,70,房地产业,二级,0.1196,李卓奇,,,2016年07月06日,,,,,益阳市,2016年07月06日
和平区,1201012016B01930,张宝臣,红桥区天鸿大厦B座1层004,0.000510,0.000510,其他商服用地,协议出让,40,商务服务业,三级,5.8827,张宝臣,0.00,0.00,,,,,,天津市人民政府授权的天津市国土资源和房屋管理局,2016年07月06日
晋宁县,5301222016B00213,工业用地  云南博曦环保设备有限公司,晋宁工业园区晋城基地,1.666783,0.000000,工业用地,挂牌出让,50,金属制品业,二级,452.5000,云南博曦环保设备有限公司,1.00,1.50,2016年09月01日,2017年03月01日,2020年03月01日,,,昆明市,2016年07月06日
海淀区,1101082016A00207,北京市地铁六号线工程花园桥站（2A号出入口）,北京市海淀区地铁六号线一期工程花园桥站（2A号出入口）,0.018460,0.018460,街巷用地,划拨,,城市公共交通业,三级,,,1.00,1.00,2016年07月06日,2017年07月06日,2019年07月05日,,,海淀区人民政府,2016年07月06日
花溪区,5201112016B00274,贵安新区高峰镇ML-01-01-1地块建设项目,贵安新区高峰镇,2.897519,0.000000,中低价位、中小套型普通商品住房用地,挂牌出让,70,房地产业,三级,1116.1243,贵州贵安置业投资有限公司,1.00,1.20,2017年01月06日,2017年02月06日,2019年02月06日,,,贵安新区管委会,2016年07月06日
淄博市本级,3703002016B15305,年产100万吨清洁能源项目,周村区王村镇西阳夕村村民委员会以东、山东中科洁能科技有 限公司以南,4.103700,0.000000,工业用地,挂牌出让,50,其它,未评估地区,1170.0000,山东中科洁能科技有限公司,1.00,,2017年01月07日,2018年01月07日,2020年01月07日,,,淄博市,2016年07月06日
恩施市,4228012016B02713,黄雪成,恩施市小渡船街道办事处航空路96号,0.001728,0.001728,其他普通商品住房用地,协议出让,70,房地产业,十二级,1.3823,黄雪成,,2.00,,,,,,恩施市人民政府,2016年07月06日
天祝藏族自治县,6206232016A00484,天祝县城北区道路开拓工程建设,华藏寺镇华藏寺村,0.757200,0.000000,街巷用地,划拨,,国家机构,未评估地区,0.0000,,1.00,,2017年04月03日,2017年04月05日,2018年12月03日,,,天祝县人民政府,2016年07月06日
平南县,4508212016B00051,平南县2016年第6期（PN2016-006）国有建设用地使用权出让（平南县金鹿装璜装饰工程有限公司）,平南县平南镇龚州大道地段,0.032614,0.000000,其他普通商品住房用地,挂牌出让,70,零售业,十四等级,71.0000,平南县金鹿装璜装饰工程有限公司,6.00,10.50,2016年09月06日,2017年09月05日,2020年09月05日,,,平南县,2016年07月06日
凤阳县,3411262016A00558,东湖路,浙商园,1.111400,1.111400,公路用地,划拨,,道路运输业,三级,,,1.00,,2016年08月06日,2016年11月06日,2017年11月06日,,,凤阳县人民政府,2016年07月06日
通山县,4212242016B00898,邓晓丹,通羊镇南门桥社区唐家地小区（四街屠宰场门口）,0.009250,0.009250,其他普通商品住房用地,协议出让,70,住宿业,三级,5.4400,邓晓丹,11.70,11.70,,,,,,通山县人民政府,2016年07月06日
息烽县,5201222016B00125,年产贰万吨聚羧酸缓高效减水剂厂项目,息烽县永靖镇硬寨村,0.612000,0.612000,工业用地,挂牌出让,50,非金属矿物制品业,三级,113.3000,贵州黔桥鑫烁特材科技有限责任公司,0.70,1.00,2017年01月05日,2018年01月05日,2021年01月05日,,,息烽县,2016年07月06日
平塘县,5227272016B00235,城填居民住宅用地,平塘县平湖镇新平路,0.032852,0.032852,其他普通商品住房用地,协议出让,70,房地产业,未评估地区,15.5627,孟小林,,,2016年08月04日,,,,,平塘县,2016年07月06日
武清区,1201142016B00707,天津常春汽车零部件有限公司,汽车产业园云景道南侧,8.234450,0.000000,工业用地,挂牌出让,50,汽车制造,四级,2080.0000,天津常春汽车零部件有限公司,0.80,0.00,2017年07月06日,2017年07月06日,2019年07月06日,,,,2016年07月06日
九台市,2201812016B00866,唐秀红建设商业楼,九台区纪家镇街道,0.015289,0.015289,批发零售用地,挂牌出让,40,零售业,未评估地区,11.5188,唐秀红,1.78,1.78,2016年09月06日,2017年09月06日,2019年09月06日,,,长春市九台区,2016年07月06日
沂南县,3713212016B00605,商服项目,规划南外环路以南、沂新路以东,2.401700,2.401700,批发零售用地,挂牌出让,40,零售业,未评估地区,649.0000,山东省标王互联网科技有限公司,0.00,1.50,2016年07月06日,2016年10月06日,2018年10月06日,,,沂南县,2016年07月06日
务川仡佬族苗族自治县,5203262016B00111,贵州务川师之传食品有限公司,大坪工业园区斯达制衣厂旁边,1.000500,0.000000,工业用地,挂牌出让,50,农副食品加工业,一级,120.0000,贵州务川师之传食品有限公司,1.00,,2017年06月20日,2018年06月20日,2021年06月20日,,,务川自治县,2016年07月06日
南漳县,4206242016B02798,住宅用地,城关镇郭家土城村,0.012320,0.000000,其他普通商品住房用地,挂牌出让,70,居民服务和其他服务业,十三等级,4.0000,许启芝,1.00,2.00,2016年07月10日,,,,,南漳县,2016年07月06日
江北区,3302052016A00234,宁波北门户区一期地块道路工程,洪塘街道,3.508400,3.508400,街巷用地,划拨,,商务服务业,五级,,,,,2016年07月06日,2017年07月05日,2019年07月05日,,,宁波市人民政府,2016年07月06日
同仁县,6323212016B00159-1,周拉加,年都乎乡年都乎村,0.136200,0.000000,其他商服用地,挂牌出让,40,零售业,一级,62.5200,周拉加,,2.80,2016年07月12日,2016年07月12日,2017年11月12日,,,同仁县,2016年07月06日
花溪区,5201112016B00387,贵安新区湖潮乡ZJ-10-08地块建设项目,贵安新区湖潮乡,4.190130,0.000000,中低价位、中小套型普通商品住房用地,挂牌出让,中低价位、中小套型普通商品住房用地70年; 其他普通商品住房用地70年; 批发零售用地40年;,房地产业,二级,7173.5026,贵州贵安置业投资有限公司,1.00,2.00,2017年01月06日,2017年02月06日,2019年02月06日,,,贵安新区管委会,2016年07月06日
桓台县,3703212016B00167,100万立方米保税罐区及配套,桓台县湖南路以西、山东海润环保科技有限公司以北地块,9.205779,0.000000,工业用地,挂牌出让,50,石油加工、炼焦及核燃料加工业,三级,3563.0000,山东中汇物流实业有限公司,0.60,,2016年07月06日,2017年07月06日,2019年07月06日,,,桓台县,2016年07月06日
资兴市,4310812016B01516,住宅,资兴市新区综合楼村,0.117010,0.001564,其他普通商品住房用地,协议出让,70,住宿业,三级,0.3172,张兆兴、王志荣,,,2016年07月06日,,,,,资兴市,2016年07月06日
来宾市本级,4513002016B00520,迁江供电所,来宾市迁江工业园322国道西侧,0.274675,0.000000,公共设施用地,挂牌出让,50,燃气生产和供应业,未评估地区,70.0400,兴宾供电公司,,1.50,2016年08月24日,2017年08月24日,2019年08月24日,,,来宾市,2016年07月06日
和平区,1201012016B01831,刘玥利、刘恩森,南开区迎水道171号,0.018480,0.018480,其他商服用地,协议出让,40,商务服务业,六级,17.4636,刘玥利、刘恩森,0.00,0.00,,,,,,天津市国土资源和房屋管理局,2016年07月06日
霍林郭勒市,1505812016A00096,霍林郭勒市中小企业创业园区外环北路西段及中纬七路道路工程,霍林郭勒市中小企业创业园区,1.371700,1.371700,公共设施用地,划拨,,其它,一级,,,,,2016年07月13日,2016年07月18日,2016年12月31日,,,霍林郭勒市人民政府,2016年07月06日
唐县,1306272016B00279,河北尧天房地产开发有限公司,唐县县北村北侧,1.669900,0.000000,其他普通商品住房用地,挂牌出让,70,房地产业,二级,1548.0000,河北尧天房地产开发有限公司,1.20,2.50,2016年07月06日,2017年07月01日,2020年07月01日,,,唐县,2016年07月06日
松滋市,4210872016B01745,周兆红,新江口镇石板坡146号,0.004027,0.004027,中低价位、中小套型普通商品住房用地,协议出让,20,建筑业,二级,1.4076,周兆红,0.00,0.00,2016年07月25日,,,,,松滋市,2016年07月06日
平南县,4508212016B00087,平南县2016年第5期（PN2016-016)国有建设用地（广西平南县美城房地产开发有限公司）,平南县思旺镇东街坑地段,0.179110,0.000000,其他普通商品住房用地,挂牌出让,70,房地产业,十四等级,133.0000,广西平南县美城房地产开发有限公司,3.50,10.00,2016年09月06日,2017年09月05日,2020年09月05日,,,平南县,2016年07月06日
白河县,6109292016A00495,广兴金座三期公租房,城关镇公路村八组,0.033200,0.000000,廉租住房用地,划拨,,房地产业,十五等级,1.7247,,3.00,4.00,2016年07月20日,2016年07月20日,2017年07月19日,,,白河县人民政府,2016年07月06日
海淀区,1101082016A00135,北京市地铁六号线海淀五路居站（1号无障碍电梯口）,北京市海淀区地铁六号线五路居站（1号无障碍电梯口）,0.009103,0.009103,街巷用地,划拨,,城市公共交通业,三级,,,1.00,1.00,2016年07月06日,2017年07月06日,2019年07月05日,,,海淀区人民政府,2016年07月06日
阜南县,3412252016B00299,棚户区改造项目建设,薛集路南侧、地城南路东侧、环城路北侧,1.327870,1.327870,其他普通商品住房用地,挂牌出让,其他普通商品住房用地70年; 其他商服用地40年;,房地产业,二级,4023.8400,黑龙江宇辉房地产开发有限责任公司,1.20,3.00,2016年08月05日,2016年11月04日,2018年05月03日,,,阜南县,2016年07月06日
嘉祥县,3708292016B00345,邮电大楼西建设项目,迎风路以东、呈祥大道以北,0.345800,0.000000,其他商服用地,挂牌出让,40,房地产业,一级,1770.0000,嘉祥大力置业有限公司,1.50,1.85,2016年07月06日,2016年11月26日,2019年11月25日,,,嘉祥县,2016年07月06日
511903000,5119032016B00176,商业,登科街道办事处麻石村（A04-02）,6.506430,1.135981,其他商服用地,拍卖出让,40,房地产业,一级,9552.0000,巴中金汇发展有限责任公司,,2.50,2017年01月06日,2018年01月05日,2021年01月04日,,,巴中市恩阳区,2016年07月06日
息烽县,5201222016B00096,蚕桑坡老县医院6号地块建设项目,息烽县永靖镇蚕桑坡,0.299800,0.299800,其他普通商品住房用地,挂牌出让,70,房地产业,三级,447.0000,息烽县城市建设投资有限公司,1.00,1.20,2017年01月05日,2018年01月05日,2021年01月05日,,,息烽县,2016年07月06日
海淀区,1101082016A00187,北京市地铁六号线海淀五路居站（3号无障碍电梯口、5号出入口、5号安全疏散口、冷却塔、2号风亭和电阻室）,北京市海淀区地铁六号线五路居站（3号无障碍电梯口、5号出入口、5号安全疏散口、冷却塔、2号风亭和电阻室）,0.128685,0.128685,街巷用地,划拨,,城市公共交通业,三级,,,1.00,1.00,2016年07月06日,2017年07月06日,2019年07月05日,,,海淀区人民政府,2016年07月06日
松滋市,4210872016B01661,李全军,新江口镇堰西路12号2幢202室,0.001750,0.001750,中低价位、中小套型普通商品住房用地,协议出让,30,建筑业,二级,1.7992,李全军,0.00,0.00,2016年07月30日,,,,,松滋市,2016年07月06日
沙县,3504272016B00167,生态新城迎宾大道北侧F8地块,海西三明生态工贸区生态新城迎宾大道北侧,4.308100,0.000000,商务金融用地,挂牌出让,40,商务服务业,四级,3816.0000,福建三明生态工贸区生态新城集团有限公司,1.00,1.60,2016年07月22日,2017年04月22日,2020年04月22日,,,,2016年07月06日
511903000,5119032016B00196,商住,登科街道办事处麻石村（A04-06）,4.845440,1.197056,其他普通商品住房用地,拍卖出让,其他普通商品住房用地70年; 其他商服用地40年;,房地产业,一级,7158.0000,巴中金汇发展有限责任公司,1.00,2.50,2017年01月06日,2018年01月05日,2021年01月04日,,,巴中市恩阳区,2016年07月06日
抚宁县,1303232016B00227,FN-2016-008,抚宁区茶棚乡茶棚村,0.126890,0.000000,商务金融用地,挂牌出让,40,银行业,三级,71.0000,抚宁县农村信用联社股份有限公司,,0.60,2016年08月06日,2017年08月06日,2020年08月05日,,,秦皇岛市抚宁区,2016年07月06日
萝北县,2304212016B00559,商服,凤翔镇九委（水产综合楼）,0.001073,0.001073,批发零售用地,协议出让,22.15,租赁业,一级,0.6471,丁益民 姜丽华,4.93,4.93,2016年07月28日,,,,,萝北县,2016年07月06日
丰城市,3609812016A00336,丰城市森林消防大队营房、森林公安业务用房项目(周边空闲地）,林业局东边临街闲置空地,0.079200,0.079200,公共设施用地,划拨,,林业,十级,0.0000,,0.00,0.00,2016年08月30日,2017年06月30日,2018年06月30日,,,丰城市人民政府,2016年07月06日
绥宁县,4305272016B02025,罗焕华住宅用地,绥宁县长铺镇东正路（县公安局院内）,0.092291,0.001922,中低价位、中小套型普通商品住房用地,协议出让,70,房地产业,一级,0.4135,罗焕华,5.10,5.10,,,,,,绥宁县,2016年07月06日
桓台县,3703212016B00171,100万立方米保税罐区及配套,桓台县湖南路以西、山东海润环保科技有限公司以北,1.644968,0.000000,工业用地,挂牌出让,50,石油加工、炼焦及核燃料加工业,三级,637.0000,山东汇丰石化集团有限公司,0.60,,2016年07月06日,2017年07月06日,2019年07月06日,,,桓台县,2016年07月06日
户县,6101252016A00293,西安天汇置业有限公司项目,"沣京路以南,天慧国际东",0.471170,0.018804,廉租住房用地,划拨,,房地产业,一级,,,1.20,7.30,2016年08月06日,2017年08月06日,2020年08月06日,,,户县人民政府,2016年07月06日
丰润区,1302082016B00092,丁国光,丰润区唐丰路东侧，浭阳办事处城内二居,0.011715,0.011715,其他商服用地,协议出让,40,商务服务业,二级,7.3570,丁国光,,3.79,2016年07月06日,,,,,唐山市丰润区,2016年07月06日
宾阳县,4501262016B01160,住宅项目,宾阳县黎塘镇城南小区203号,0.008000,0.008000,中低价位、中小套型普通商品住房用地,协议出让,70,居民服务业,二级,4.2086,韦凤球,,6.00,2016年07月06日,2017年07月06日,2018年07月06日,,,宾阳县,2016年07月06日
花溪区,5201112016B00367,贵安新区湖潮乡ZJ-10-06地块建设项目,贵安新区湖潮乡,4.867677,0.000000,中低价位、中小套型普通商品住房用地,挂牌出让,中低价位、中小套型普通商品住房用地70年; 其他普通商品住房用地70年; 批发零售用地40年;,房地产业,二级,8333.4630,贵州贵安置业投资有限公司,1.00,2.00,2017年01月06日,2017年02月06日,2019年02月06日,,,贵安新区管委会,2016年07月06日
益阳市本级,4309002016B29056,周传进国有划拨用地使用权出让,市栖霞路北侧,0.000717,0.000717,中低价位、中小套型普通商品住房用地,协议出让,70,房地产业,二级,0.0570,周传进,,,2016年07月06日,,,,,益阳市,2016年07月06日
霍林郭勒市,1505812016A00072,霍林郭勒市垃圾中转站改造,霍林郭勒市水岸名都小区西侧,0.029835,0.029835,公共设施用地,划拨,,其它,一级,,,,,2016年07月06日,2016年07月13日,2016年11月30日,,,霍林郭勒市人民政府,2016年07月06日
临朐县,3707242016B00614,2016-49号地块,城关街道，龙泉路交方山路西北侧，地块东侧、西侧、北侧均为田村集村村民委员会土地,0.743700,0.000000,中低价位、中小套型普通商品住房用地,挂牌出让,70,房地产业,四级,669.3300,临朐沂山实业有限公司,1.20,1.70,2016年08月06日,2016年09月06日,2019年09月06日,,,临朐县,2016年07月06日
奎文区,3707052016B01873,潍坊高新区东方学校项目,北宫东街以北、东方路以西,2.992400,2.992400,科教用地,挂牌出让,50,房地产业,一级,6508.4700,潍坊高创建设投资集团有限公司,0.00,1.10,2016年05月31日,2017年05月31日,2020年05月31日,,,潍坊市,2016年07月06日
南漳县,4206242016B02787,住宅用地,城关镇郭家土城村,0.011590,0.000000,其他普通商品住房用地,挂牌出让,70,居民服务和其他服务业,十三等级,3.8000,周思顺,1.00,2.00,2015年07月10日,,,,,南漳县,2016年07月06日
恩施市,4228012016B02713,黄雪成,恩施市小渡船街道办事处航空路96号,0.001728,0.001728,其他普通商品住房用地,协议出让,70,房地产业,十二级,1.3823,黄雪成,,2.00,,,,,,恩施市人民政府,2016年07月06日
沧州市本级,1309002016B00990,化学品仓储物流中心项目,沧州临港经济技术开发区东区，东至国有空地，西至通六路，南至化工二路，北至国有空地,7.266673,7.266673,仓储用地,挂牌出让,50,仓储业,十一级,1053.0000,沧州百年仓国际物流有限公司,0.00,1.20,2017年07月01日,2018年07月01日,2020年06月30日,,,沧州渤海新区管理委员会,2016年07月06日
海口市本级,4601002016B00685,海南观龙水世界管理有限公司,龙桥镇羊山大道以南LY-01,5.029217,0.000000,文体娱乐用地,拍卖出让,50,娱乐业,一级,3802.0300,海南观龙水世界管理有限公司,,0.60,2016年08月06日,2017年08月06日,2019年08月06日,,,海口市,2016年07月06日
北辰区,1201132016A00247,伍德沃德界外地,北辰区,0.366730,0.000000,公路用地,划拨,,国家机构,一级,,,,,,,,,,天津市国土资源和房屋管理局北辰区国土资源分局,2016年07月06日
咸安区,4212022016B00239,咸宁市中诚投资有限公司(存量),咸安区车站路南侧,0.204700,0.204700,其他商服用地,挂牌出让,40,商务服务业,二级,301.0000,咸宁市中诚投资有限公司,0.00,1.00,2016年07月30日,2016年09月01日,2019年09月01日,,,咸安区,2016年07月06日
太谷县,1407262016B00418,山西元立科技开发有限公司工业用地项目,水秀园区纬二路北、乾通塑胶东、北郭住宅西,1.057152,0.000000,工业用地,挂牌出让,50,制造业,十三等级,240.0000,山西元立科技开发有限公司,0.70,,2016年10月12日,2016年10月30日,2016年12月30日,,,太谷县,2016年07月06日
商丘市本级,4114002016B01299,商丘新长盛置业有限公司（房地产开发）,富商大道西侧、宋城路北侧,10.317767,9.116512,中低价位、中小套型普通商品住房用地,挂牌出让,中低价位、中小套型普通商品住房用地70年; 批发零售用地40年;,房地产业,三级,14236.3600,商丘新长盛置业有限公司,1.00,3.00,2016年09月05日,2017年07月05日,2020年07月04日,,,商丘市,2016年07月06日
石河子市,6590012016A00286,第八师石河子残疾人康复中心（辽疆康复医院、石河子高新区医院）一期建设项目,石河子镇南湾村、五道湾村,3.615200,0.000000,医卫慈善用地,划拨,,国家机构,九级,72.3040,,1.14,,2016年08月10日,2016年08月22日,2018年08月21日,,,石河子市人民政府,2016年07月06日
曲周县,1304352016B00090,防盗门生产项目,位于曲周镇关庄村南，曙光路以南，金塔货架南侧,0.667300,0.000000,工业用地,挂牌出让,50,金属制品业,十四等级,86.1000,邯郸市宇浩金属制品有限公司,1.00,1.80,2016年08月30日,2016年09月30日,2018年09月30日,,,曲周县,2016年07月06日
奎文区,3707052016B01873,潍坊高新区东方学校项目,北宫东街以北、东方路以西,2.992400,2.992400,科教用地,挂牌出让,50,房地产业,一级,6508.4700,潍坊高创建设投资集团有限公司,0.00,1.10,2016年05月31日,2017年05月31日,2020年05月31日,,,潍坊市,2016年07月06日
天祝藏族自治县,6206232016A00547,天祝至青海互助二级公路项目,天祝县石门镇,1.500000,0.000000,公路用地,划拨,,国家机构,未评估地区,0.0000,,1.00,,2017年04月03日,2017年04月05日,2019年12月02日,,,天祝县人民政府,2016年07月06日
海淀区,1101082016A00219,北京市地铁六号线工程花园桥站（2号无障碍电梯口）,北京市海淀区地铁六号线一期工程花园桥站（2号无障碍电梯口）,0.010275,0.010275,街巷用地,划拨,,城市公共交通业,三级,,,1.00,1.00,2016年07月06日,2017年07月06日,2019年07月05日,,,海淀区人民政府,2016年07月06日
白河县,6109292016A00516,翠华坡2号廉租房,冷水镇洞子村四组,0.044740,0.000000,廉租住房用地,划拨,,房地产业,十五等级,2.3242,,2.00,3.00,2016年07月20日,2016年07月20日,2017年07月19日,,,白河县人民政府,2016年07月06日
商丘市本级,4114002016B01281,商丘新长盛置业有限公司房地产开发,星林路东侧、宋城路北侧,7.759907,6.434541,中低价位、中小套型普通商品住房用地,挂牌出让,中低价位、中小套型普通商品住房用地70年; 批发零售用地40年;,房地产业,三级,10265.9000,商丘新长盛置业有限公司,1.00,3.00,2016年09月05日,2017年07月05日,2020年07月04日,,,商丘市,2016年07月06日
千阳县,6103282016B00075,千阳县金润源新能源有限责任公司LNG加气站,城关镇环城南路,0.408100,0.000000,其他商服用地,挂牌出让,40,燃气生产和供应业,未评估地区,94.8500,千阳县金润源新能源有限责任公司,,3.50,2016年08月01日,2016年08月01日,2018年07月31日,,,千阳县,2016年07月06日
萝北县,2304212016B00559,商服,凤翔镇九委（水产综合楼）,0.001073,0.001073,批发零售用地,协议出让,22.15,租赁业,一级,0.6471,丁益民 姜丽华,4.93,4.93,2016年07月28日,,,,,萝北县,2016年07月06日
丰城市,3609812016A00336,丰城市森林消防大队营房、森林公安业务用房项目(周边空闲地）,林业局东边临街闲置空地,0.079200,0.079200,公共设施用地,划拨,,林业,十级,0.0000,,0.00,0.00,2016年08月30日,2017年06月30日,2018年06月30日,,,丰城市人民政府,2016年07月06日
西安市本级,6101002016B01820,商业,莲湖区西桃园村,0.155500,0.155500,其他商服用地,挂牌出让,40,房地产业,三级,4240.0000,陕西长九实业有限公司,,1.27,2016年07月28日,2017年05月28日,2020年05月28日,,,西安市,2016年07月06日
合浦县,4505212016B02495,城镇住宅用地,合浦县白沙镇大马路68号（原白沙圩镇大马路）,0.018531,0.018531,其他普通商品住房用地,协议出让,70,房地产业,二级,2.5017,廖伟富,,,,,,,,合浦县,2016年07月06日
海淀区,1101082016A00195,北京市地铁六号线工程花园桥站（2B号出入口）,北京市海淀区地铁六号线一期工程花园桥站（2B号出入口）,0.019951,0.019951,街巷用地,划拨,,城市公共交通业,三级,,,1.00,1.00,2016年07月06日,2017年07月06日,2019年07月05日,,,海淀区人民政府,2016年07月06日
兰州市本级,6201002016B00485,安宁区商业项目,经济区安宁园区范围内，B579号规划道路以南、S583号规划道路以北、S556号规划道路以西、B572号规划道路以东,3.160840,0.000000,其他商服用地,挂牌出让,40,房地产业,六级,16920.0000,甘肃联智房地产开发有限公司,0.00,5.00,2016年09月04日,2017年09月04日,2020年09月04日,,,兰州市,2016年07月06日
虎丘区,3205052016B00307,苏州胜禹材料科技股份有限公司,高新区胜禹一期北、青花路西,1.934770,0.000000,工业用地,挂牌出让,50,其它,四级,928.6896,苏州胜禹材料科技股份有限公司,1.00,0.00,2016年07月06日,2017年07月06日,2019年07月06日,,,苏州市人民政府,2016年07月06日
高邮市,3210842016B00955,严志飞,高邮市步康花苑三期18-206,0.001350,0.001350,经济适用住房用地,协议出让,70,房地产业,三级,0.9607,严志飞,1.00,1.31,2016年07月15日,2016年07月29日,2018年07月29日,,,高邮市人民政府,2016年07月06日
海安县,3206212016B03347,化学纤维制造,墩头镇墩头村18组,1.985600,0.000000,工业用地,挂牌出让,50,化学纤维制造业,十一级,403.0000,江苏鸿顺合纤科技有限公司,1.00,0.00,2017年02月06日,2017年08月06日,2019年02月06日,,,海安县人民政府,2016年07月06日
海安县,3206212016B03396,通用设备制造,曲塘镇刘圩村25、26组,2.525300,2.525300,工业用地,挂牌出让,50,通用设备制造业,十一级,716.0000,江苏美森洗涤设备有限公司,1.20,0.00,2017年02月06日,2017年08月06日,2019年02月06日,,,海安县人民政府,2016年07月06日
虎丘区,3205052016B00311,易泰博商业设备（苏州）有限公司,高新区联港路东、赛默飞世尔仪器南,6.154600,6.154600,工业用地,挂牌出让,50,金属制品业,四级,2954.2080,易泰博商业设备（苏州）有限公司,1.00,0.00,2016年07月06日,2017年07月06日,2019年07月06日,,,苏州市人民政府,2016年07月06日
海陵区,3212022016A00232,城南街道便民综合服务中心,海陵区城南街道莲花村境内,0.603600,0.000000,文体娱乐用地,划拨,,文化艺术业,四级,0.0000,,0.00,4.22,2016年07月20日,2016年07月31日,2017年11月30日,,,泰州市人民政府,2016年07月06日
海安县,3206212016B03372,塑料制品,曲塘镇曲塘村10组,0.663500,0.663500,工业用地,挂牌出让,50,塑料制品业,十一级,183.0000,江苏福莱欧工业制带有限公司,1.00,0.00,2017年02月06日,2017年08月06日,2019年02月06日,,,海安县人民政府,2016年07月06日
海安县,3206212016B03366,家具制造,曲塘镇刘圩村31组,0.646400,0.646400,工业用地,挂牌出让,50,家具制造业,十一级,159.0000,南通佐诺家具有限公司,1.00,0.00,2017年02月06日,2017年08月06日,2019年02月06日,,,海安县人民政府,2016年07月06日
海安县,3206212016B03388,塑料制品,曲塘镇罗町村4、5组,3.838500,3.838500,工业用地,挂牌出让,50,塑料制品业,十一级,957.0000,王佳胶带科技（南通）有限公司,1.00,0.00,2017年02月06日,2017年08月06日,2019年02月06日,,,海安县人民政府,2016年07月06日
安丘市,3707842016B00506,中沃.青云润景D区项目,二〇六国道西侧、潍徐南路北侧,2.138200,0.000000,其他普通商品住房用地,挂牌出让,其他普通商品住房用地70年; 其他商服用地40年;,房地产业,一级,2576.0000,山东中沃置业股份有限公司,1.00,1.80,2016年07月15日,2017年07月05日,2020年07月03日,,,安丘市,2016年07月06日
中牟县,4101222016B01840,中牟金地石化有限公司,中牟汽车产业集聚区万三公路东、万洪路南辅道南,0.694500,0.694500,批发零售用地,协议出让,40,批发和零售业,十二级,868.1250,中牟金地石化有限公司,,0.50,2016年10月06日,2017年09月05日,2020年09月04日,,,中牟县,2016年07月06日
海淀区,1101082016A00149,北京市地铁六号线海淀五路居站（3号出入口）,北京市海淀区地铁六号线五路居站（3号出入口）,0.028950,0.028950,街巷用地,划拨,,城市公共交通业,三级,,,1.00,1.00,2016年07月06日,2017年07月06日,2019年07月05日,,,海淀区人民政府,2016年07月06日
即墨市,3702822016B00732-1,利浩五金建设厂房、办公楼及配套设施,北安街道办事处龙门路以南、营流路以东,1.512000,0.000000,工业用地,拍卖出让,50,金属制品业,四级,371.0000,青岛即墨市利浩五金工具制造有限公司,0.60,,2016年07月06日,2017年06月06日,2018年06月06日,,,即墨市,2016年07月06日
济源市,4108812016B00129,王屋山庄园2015-25,王屋镇迎门村第一居民组界北，穴沟口南，坡根地西，愚公林场坡界东,0.336000,0.000000,风景名胜设施用地,挂牌出让,40,公共设施管理业,十一级,95.7600,济源市旅游集团有限公司,,1.20,2016年07月06日,2016年08月06日,2019年08月06日,,,济源市人民政府,2016年07月06日
白河县,6109292016A00504,翠华坡2号廉租房,冷水镇洞子村四组,0.020550,0.000000,廉租住房用地,划拨,,房地产业,十五等级,1.0675,,2.00,3.00,2016年07月20日,2016年07月20日,2017年07月19日,,,白河县人民政府,2016年07月06日
恭城瑶族自治县,4503322016B00030,桂林恭城财茂投资开发有限公司印山北路,恭城瑶族自治县恭城镇印山北路,2.389782,0.306367,其他普通商品住房用地,挂牌出让,其他商服用地40年; 其他普通商品住房用地70年;,房地产业,二级,2872.5180,桂林恭城财茂投资开发有限公司,1.00,2.10,2016年07月11日,2016年12月30日,2018年12月31日,,,恭城瑶族自治县,2016年07月06日
上海市本级,3101002016A14550,松江区泗泾南拓展大型居住社区规划环路二期（纬二路-城中路）道路工程,松江区泗泾南拓展大型居住社区规划环路二期（纬二路-城中路）道路工程,0.665760,0.000000,公路用地,划拨,,公共设施管理业,八级,,,1.00,,2017年01月05日,2017年01月06日,2018年01月06日,,,松江区,2016年07月06日
霍林郭勒市,1505812016A00072,霍林郭勒市垃圾中转站改造,霍林郭勒市水岸名都小区西侧,0.029835,0.029835,公共设施用地,划拨,,其它,一级,,,,,2016年07月06日,2016年07月13日,2016年11月30日,,,霍林郭勒市人民政府,2016年07月06日
叶县,4104222016B00121,中国平煤神马集团尼龙科技有限公司年产20万吨己内酰胺项目,平顶山化工产业集聚区竹园二路西侧,12.113082,0.000000,工业用地,挂牌出让,50,化学原料及化学制品制造业,四级,3089.0000,中国平煤神马集团尼龙科技有限公司,1.20,,2016年07月15日,2017年07月15日,2018年07月15日,,,叶县,2016年07月06日
松滋市,4210872016B01688,范宝华,新江口镇南草新路,0.015660,0.015660,中低价位、中小套型普通商品住房用地,协议出让,30,建筑业,四级,2.5983,范宝华,0.00,0.00,2016年07月30日,,,,,松滋市,2016年07月06日
松滋市,4210872016B01761,苏莉敏,新江口镇民主路五巷85号,0.007320,0.007320,中低价位、中小套型普通商品住房用地,协议出让,20,建筑业,三级,1.6950,苏莉敏,0.00,0.00,2016年07月25日,,,,,松滋市,2016年07月06日
桃源县,4307252016B02039,余惠敏续期出让,盘塘镇盘龙桥居委会,0.011020,0.011020,其他商服用地,协议出让,25,住宿业,二级,3.2225,余惠敏,2.00,2.00,,,,,,桃源县,2016年07月06日
亳州市本级,3416002016A00550,华佗大道西侧，茴香路南侧绿化,华佗大道西侧，茴香路南侧,1.056300,0.000000,公园与绿地,划拨,,中国共产党机关,四级,0.0000,,,,,,,,,亳州市人民政府,2016年07月06日
花溪区,5201112016B00286,贵安新区马场镇MM-20-04-3地块建设项目,贵安新区马场镇,10.174693,0.000000,工业用地,挂牌出让,50,通用设备制造业,三级,2245.0000,贵州贵安电子信息产业投资有限公司,1.00,1.80,2017年01月06日,2017年02月06日,2019年02月06日,,,贵安新区管委会,2016年07月06日
萍乡市本级,3603002016A00122,萍乡市公安局直属分局业务技术用房,经济开发区宝鼎路旁,0.600000,0.000000,机关团体用地,划拨,,居民服务业,一级,0.0000,,1.00,2.00,2016年07月13日,2017年01月13日,2019年01月13日,,,萍乡市人民政府,2016年07月06日
松滋市,4210872016B01659,余丹清,新江口镇上清观路11号2栋301,0.002177,0.002177,中低价位、中小套型普通商品住房用地,协议出让,20,制造业,二级,1.8602,余丹清,0.00,0.00,2016年07月30日,,,,,松滋市,2016年07月06日
兴山县,4205262016A01185,光荣院取暖房,古夫镇龙珠社区清源街,0.133800,0.133800,医卫慈善用地,划拨,,社会保障业,十四等级,0.0000,,1.00,0.00,2016年08月31日,2016年10月31日,2018年10月31日,,,兴山县人民政府,2016年07月06日
济源市,4108812016B00181,王屋山庄园2015-31,王屋镇迎门村第一居民组界北，穴沟口南，坡根地西，愚公林场坡界东,0.664700,0.000000,公共设施用地,挂牌出让,40,公共设施管理业,十一级,169.4900,济源市旅游集团有限公司,,1.20,2016年07月06日,2016年08月06日,2019年08月06日,,,济源市,2016年07月06日
海淀区,1101082016A00238,北京市地铁六号线工程花园桥站（3号出入口和2号风亭）,北京市海淀区地铁六号线一期工程花园桥站（3号出入口和2号风亭）,0.047591,0.047591,街巷用地,划拨,,城市公共交通业,三级,,,1.00,1.00,2016年07月06日,2017年07月06日,2019年07月05日,,,海淀区人民政府,2016年07月06日
汉川市,4209842016B00760,湖北普天线缆有限公司,汉川市刘家隔镇晨光村,1.000000,0.000000,工业用地,拍卖出让,50,金属制品业,四级,170.0000,湖北普天线缆有限公司,1.00,,2016年08月06日,2016年09月10日,2017年09月10日,,,汉川市,2016年07月06日
霍邱县,3415222016A00655,叶集区实验学校新址二期,"叶集区金叶连接线以西,皖西路以北",2.697430,2.529230,科教用地,划拨,,教育业,二级,,,,1.20,2016年08月06日,2016年11月06日,2017年11月06日,,,六安市叶集区人民政府,2016年07月06日
金溪县,3610272016B00061,住宅小区（金溪县产业路东侧）,金溪县产业路东侧,4.369070,0.000000,其他普通商品住房用地,挂牌出让,70,房地产业,四级,15600.0000,金溪县绣谷投资管理中心（有限合伙）,1.00,1.80,2016年11月22日,2017年10月31日,2020年10月31日,,,金溪县,2016年07月06日
天祝藏族自治县,6206232016A00537,天祝县团结路和祝贡路延伸段道路开拓工程建设,华藏寺镇界牌村,0.372200,0.000000,街巷用地,划拨,,国家机构,未评估地区,0.0000,,1.00,,2017年04月03日,2017年04月05日,2018年12月03日,,,天祝县人民政府,2016年07月06日
宜昌市本级,4205002016B03369,宜昌高新投资开发有限公司标准厂房,高新区生物产业园花溪路与桔乡路交叉口南侧,9.667100,3.873500,工业用地,挂牌出让,50,其它,五级,2786.0000,宜昌高新投资开发有限公司,1.00,2.00,2017年12月15日,2018年12月15日,2021年12月15日,,,宜昌高新技术产业开发区管理委员会,2016年07月06日
北辰区,1201132016A00288,吉美（唯可得）界外地,北辰区,0.063380,0.000000,公路用地,划拨,,国家机构,一级,,,,,,,,,,天津市国土资源和房屋管理局北辰区国土资源分局,2016年07月06日
荔蒲县,4503312016B00615,陈建荣个人住宅用地,荔城镇城南社区东辅巷54号,0.001481,0.001481,其他普通商品住房用地,协议出让,70,住宿业,十三等级,2.3992,陈建荣,,,,,,,,荔浦县,2016年07月06日
成都市本级,5101002016B00760,成华区建材路临西南汽贸地块,成华区建材路临西南汽贸地块,1.642203,1.510060,其他普通商品住房用地,拍卖出让,70,房地产业,五级,40167.4000,成都中洲锦江房地产有限公司,1.00,3.80,2016年08月12日,2017年08月12日,2018年05月12日,,,成都市,2016年07月06日
上饶市本级,3611002016A00454,枫林办事处供水工程,三清山枫林综合服务区A1-12-02地块内,0.802800,0.000000,公共设施用地,划拨,,水的生产和供应业,未评估地区,0.0000,,,0.50,2016年08月10日,2016年10月10日,2017年10月09日,,,上饶市人民政府,2016年07月06日
萝北县,2304212016B00536,商服,凤翔镇十三委（八仙楼1层102室）,0.001592,0.001592,批发零售用地,协议出让,22.86,租赁业,一级,0.8744,张凤芹,3.25,3.25,2016年07月28日,,,,,萝北县,2016年07月06日
上饶市本级,3611002016B00461,朝阳产业园C-01地块,上饶市信州区朝阳镇盘石村,3.333440,3.333440,中低价位、中小套型普通商品住房用地,挂牌出让,70,房地产业,未评估地区,3283.0500,上饶市朝扬产业园开发有限公司,1.00,2.30,2016年10月23日,2017年09月23日,2020年09月22日,,,上饶市,2016年07月06日
北辰区,1201132016A00247,伍德沃德界外地,北辰区,0.366730,0.000000,公路用地,划拨,,国家机构,一级,,,,,,,,,,天津市国土资源和房屋管理局北辰区国土资源分局,2016年07月06日
同仁县,6323212016B00146,三旦多杰、桑杰本、万么才让,年都乎乡年都乎村,0.255700,0.000000,其他商服用地,挂牌出让,40,零售业,未评估地区,117.3700,三旦多杰、桑杰本、万么才让,,2.80,2016年07月12日,2016年07月12日,2017年11月12日,,,同仁县,2016年07月06日
霍林郭勒市,1505812016A00096,霍林郭勒市中小企业创业园区外环北路西段及中纬七路道路工程,霍林郭勒市中小企业创业园区,1.371700,1.371700,公共设施用地,划拨,,其它,一级,,,,,2016年07月13日,2016年07月18日,2016年12月31日,,,霍林郭勒市人民政府,2016年07月06日
合浦县,4505212016B02501,城镇住宅用地,廉州镇廉南社区丁头坡小组就业地27号,0.011180,0.011180,其他普通商品住房用地,协议出让,70,房地产业,三级,1.6770,邱月兰、陈建耀,,,,,,,,合浦县,2016年07月06日
江北区,3302052016A00257,宁波北门户商务区一期中心绿地（南侧）,洪塘街道,0.422600,0.422600,公园与绿地,划拨,,商务服务业,五级,,,,,2016年07月06日,2017年07月05日,2019年07月05日,,,宁波市人民政府,2016年07月06日
兰州市本级,6201002016B00485,安宁区商业项目,经济区安宁园区范围内，B579号规划道路以南、S583号规划道路以北、S556号规划道路以西、B572号规划道路以东,3.160840,0.000000,其他商服用地,挂牌出让,40,房地产业,六级,16920.0000,甘肃联智房地产开发有限公司,0.00,5.00,2016年09月04日,2017年09月04日,2020年09月04日,,,兰州市,2016年07月06日
沧州市本级,1309002016B00985,空气氧化法制取22200吨/年甲基苯甲酸系列及其衍生物对甲基苯甲酸乙酯、N，N-二乙基间甲基苯甲酰胺、苯乙酮项目,沧州临港经济技术开发区东区，北至化工一路，南至国有空地，西至河北吉晖科技发展有限公司用地，东至国有空地,8.323841,8.323841,工业用地,挂牌出让,50,化学原料及化学制品制造业,十一级,1206.0000,沧州磐希化工有限公司,0.80,0.00,2017年06月01日,2018年06月01日,2020年05月31日,,,沧州渤海新区管理委员会,2016年07月06日
曲靖市本级,5303002016A00210,云南师范大学附属曲靖麒麟学校,麒麟区金麟湾片区横五号路以南，纵三号路以东,16.317400,0.000000,科教用地,划拨,,教育业,一级,13800.0000,,,0.98,2016年07月06日,2017年07月06日,2018年07月06日,,,曲靖市人民政府,2016年07月06日
济源市,4108812016B00129,王屋山庄园2015-25,王屋镇迎门村第一居民组界北，穴沟口南，坡根地西，愚公林场坡界东,0.336000,0.000000,风景名胜设施用地,挂牌出让,40,公共设施管理业,十一级,95.7600,济源市旅游集团有限公司,,1.20,2016年07月06日,2016年08月06日,2019年08月06日,,,济源市人民政府,2016年07月06日
唐县,1306272016B00279,河北尧天房地产开发有限公司,唐县县北村北侧,1.669900,0.000000,其他普通商品住房用地,挂牌出让,70,房地产业,二级,1548.0000,河北尧天房地产开发有限公司,1.20,2.50,2016年07月06日,2017年07月01日,2020年07月01日,,,唐县,2016年07月06日
松滋市,4210872016B01745,周兆红,新江口镇石板坡146号,0.004027,0.004027,中低价位、中小套型普通商品住房用地,协议出让,20,建筑业,二级,1.4076,周兆红,0.00,0.00,2016年07月25日,,,,,松滋市,2016年07月06日
平南县,4508212016B00087,平南县2016年第5期（PN2016-016)国有建设用地（广西平南县美城房地产开发有限公司）,平南县思旺镇东街坑地段,0.179110,0.000000,其他普通商品住房用地,挂牌出让,70,房地产业,十四等级,133.0000,广西平南县美城房地产开发有限公司,3.50,10.00,2016年09月06日,2017年09月05日,2020年09月05日,,,平南县,2016年07月06日
务川仡佬族苗族自治县,5203262016A00138,县气象站业务用房及配配套基础设施建设项目,都濡镇河滨南路七角坪安置房东侧,0.995300,0.861870,机关团体用地,划拨,,公共设施管理业,十五等级,0.0000,,0.20,0.20,2016年08月09日,2016年11月28日,2017年07月19日,,,务川自治县人民政府,2016年07月06日
霍林郭勒市,1505812016A00072,霍林郭勒市垃圾中转站改造,霍林郭勒市水岸名都小区西侧,0.029835,0.029835,公共设施用地,划拨,,其它,一级,,,,,2016年07月06日,2016年07月13日,2016年11月30日,,,霍林郭勒市人民政府,2016年07月06日
花溪区,5201112016B00348,贵安新区马场镇MM-20-04-4地块建设项目,贵安新区马场镇,6.907148,0.000000,仓储用地,挂牌出让,50,仓储业,三级,1525.0000,贵州贵安电子信息产业投资有限公司,0.00,1.50,2017年01月06日,2017年02月06日,2019年02月06日,,,贵安新区管委会,2016年07月06日
亳州市本级,3416002016A00514,牡丹路南侧，龙凤新河西侧地块,牡丹路以南、亳芍路以北、龙凤新河以西,4.572800,0.000000,公园与绿地,划拨,,中国共产党机关,三级,0.0000,,,,,,,,,亳州市人民政府,2016年07月06日
彝良县,5306282016A00126,彝良县龙海幼儿园,彝良县龙海镇龙海村民委员会海坝村民小组,0.554400,0.554400,科教用地,划拨,,教育业,二级,,,0.50,1.00,2016年07月12日,2016年07月15日,2018年07月16日,,,昭通市国土资源局,2016年07月06日
天祝藏族自治县,6206232016A00469,天祝县路东社区文化广场建设,华藏寺镇华藏寺村,0.484000,0.000000,文体娱乐用地,划拨,,国家机构,未评估地区,0.0000,,1.00,,2017年04月03日,2017年04月05日,2018年12月03日,,,天祝县人民政府,2016年07月06日
亳州市本级,3416002016A00787,亳州芜湖现代产业园区月季支路（张良路至南扩三路连接段）,月季路以南，张良路以东,1.487400,0.000000,街巷用地,划拨,,中国共产党机关,四级,0.0000,,,,,,,,,亳州市人民政府,2016年07月06日
